Workbook

Sheet 2022
A1: Round | B1: Match | C1: Team1 | D1: Team2 | E1: Winner | F1: NetRankWinner | G1: NRW | H1: NetRankAdjWinner | I1: NRAW | J1: AvgOppNetWinner | K1: AONW | L1: AvgOppNetAdjWinner | M1: AONAW | N1: NetSosWinner | O1: NSW | P1: NetSosAdjWinner | Q1: NSAW | R1: WabWinner | S1: WW | T1: WabAdjWinner | U1: WAW
A2: Round of 64 | B2: 1 | C2: Gonzaga | D2: Georgia State | E2: Gonzaga | F2: Gonzaga | G2: =if(E2=F2, "1", "0") -> 1 | H2: Gonzaga | I2: =if(E2=H2, "1", "0") -> 1 | J2: Gonzaga | K2: =if(E2=J2, "1", "0") -> 1 | L2: Gonzaga | M2: =if(E2=L2, "1", "0") -> 1 | N2: Gonzaga | O2: =if(E2=N2, "1", "0") -> 1 | P2: Gonzaga | Q2: =if(E2=P2, "1", "0") -> 1 | R2: Gonzaga | S2: =if(R2=E2, "1", "0") -> 1 | T2: Gonzaga | U2: =If(T2=E2,"1","0") -> 1
A3: Round of 64 | B3: 2 | C3: Boise State | D3: Memphis | E3: Memphis | F3: Boise State | G3: =if(E3=F3, "1", "0") -> 0 | H3: Memphis | I3: =if(E3=H3, "1", "0") -> 1 | J3: Memphis | K3: =if(E3=J3, "1", "0") -> 1 | L3: Memphis | M3: =if(E3=L3, "1", "0") -> 1 | N3: Memphis | O3: =if(E3=N3, "1", "0") -> 1 | P3: Memphis | Q3: =if(E3=P3, "1", "0") -> 1 | R3: Boise State | S3: =if(R3=E3, "1", "0") -> 0 | T3: Boise State | U3: =If(T3=E3,"1","0") -> 0
A4: Round of 64 | B4: 3 | C4: UConn | D4: New Mexico State | E4: New Mexico State | F4: UConn | G4: =if(E4=F4, "1", "0") -> 0 | H4: UConn | I4: =if(E4=H4, "1", "0") -> 0 | J4: UConn | K4: =if(E4=J4, "1", "0") -> 0 | L4: UConn | M4: =if(E4=L4, "1", "0") -> 0 | N4: UConn | O4: =if(E4=N4, "1", "0") -> 0 | P4: UConn | Q4: =if(E4=P4, "1", "0") -> 0 | R4: UConn | S4: =if(R4=E4, "1", "0") -> 0 | T4: UConn | U4: =If(T4=E4,"1","0") -> 0
A5: Round of 64 | B5: 4 | C5: Arkansas | D5: Vermont | E5: Arkansas | F5: Arkansas | G5: =if(E5=F5, "1", "0") -> 1 | H5: Arkansas | I5: =if(E5=H5, "1", "0") -> 1 | J5: Arkansas | K5: =if(E5=J5, "1", "0") -> 1 | L5: Arkansas | M5: =if(E5=L5, "1", "0") -> 1 | N5: Arkansas | O5: =if(E5=N5, "1", "0") -> 1 | P5: Arkansas | Q5: =if(E5=P5, "1", "0") -> 1 | R5: Arkansas | S5: =if(R5=E5, "1", "0") -> 1 | T5: Arkansas | U5: =If(T5=E5,"1","0") -> 1
A6: Round of 64 | B6: 5 | C6: Alabama | D6: Notre Dame | E6: Notre Dame | F6: Alabama | G6: =if(E6=F6, "1", "0") -> 0 | H6: Alabama | I6: =if(E6=H6, "1", "0") -> 0 | J6: Alabama | K6: =if(E6=J6, "1", "0") -> 0 | L6: Alabama | M6: =if(E6=L6, "1", "0") -> 0 | N6: Alabama | O6: =if(E6=N6, "1", "0") -> 0 | P6: Alabama | Q6: =if(E6=P6, "1", "0") -> 0 | R6: Alabama | S6: =if(R6=E6, "1", "0") -> 0 | T6: Alabama | U6: =If(T6=E6,"1","0") -> 0
A7: Round of 64 | B7: 6 | C7: Texas Tech | D7: Montana State | E7: Texas Tech | F7: Texas Tech | G7: =if(E7=F7, "1", "0") -> 1 | H7: Texas Tech | I7: =if(E7=H7, "1", "0") -> 1 | J7: Texas Tech | K7: =if(E7=J7, "1", "0") -> 1 | L7: Texas Tech | M7: =if(E7=L7, "1", "0") -> 1 | N7: Texas Tech | O7: =if(E7=N7, "1", "0") -> 1 | P7: Texas Tech | Q7: =if(E7=P7, "1", "0") -> 1 | R7: Texas Tech | S7: =if(R7=E7, "1", "0") -> 1 | T7: Texas Tech | U7: =If(T7=E7,"1","0") -> 1
A8: Round of 64 | B8: 7 | C8: Michigan State | D8: Davidson | E8: Michigan State | F8: Michigan State | G8: =if(E8=F8, "1", "0") -> 1 | H8: Davidson | I8: =if(E8=H8, "1", "0") -> 0 | J8: Michigan State | K8: =if(E8=J8, "1", "0") -> 1 | L8: Michigan State | M8: =if(E8=L8, "1", "0") -> 1 | N8: Michigan State | O8: =if(E8=N8, "1", "0") -> 1 | P8: Michigan State | Q8: =if(E8=P8, "1", "0") -> 1 | R8: Michigan State | S8: =if(R8=E8, "1", "0") -> 1 | T8: Davidson | U8: =If(T8=E8,"1","0") -> 0
A9: Round of 64 | B9: 8 | C9: Duke | D9: Cal State Fullerton | E9: Duke | F9: Duke | G9: =if(E9=F9, "1", "0") -> 1 | H9: Duke | I9: =if(E9=H9, "1", "0") -> 1 | J9: Duke | K9: =if(E9=J9, "1", "0") -> 1 | L9: Duke | M9: =if(E9=L9, "1", "0") -> 1 | N9: Duke | O9: =if(E9=N9, "1", "0") -> 1 | P9: Duke | Q9: =if(E9=P9, "1", "0") -> 1 | R9: Duke | S9: =if(R9=E9, "1", "0") -> 1 | T9: Duke | U9: =If(T9=E9,"1","0") -> 1
A10: Round of 64 | B10: 9 | C10: Baylor | D10: Norfolk State | E10: Baylor | F10: Baylor | G10: =if(E10=F10, "1", "0") -> 1 | H10: Baylor | I10: =if(E10=H10, "1", "0") -> 1 | J10: Baylor | K10: =if(E10=J10, "1", "0") -> 1 | L10: Baylor | M10: =if(E10=L10, "1", "0") -> 1 | N10: Baylor | O10: =if(E10=N10, "1", "0") -> 1 | P10: Baylor | Q10: =if(E10=P10, "1", "0") -> 1 | R10: Baylor | S10: =if(R10=E10, "1", "0") -> 1 | T10: Baylor | U10: =If(T10=E10,"1","0") -> 1
A11: Round of 64 | B11: 10 | C11: North Carolina | D11: Marquette | E11: North Carolina | F11: 0rth Carolina | G11: =if(E11=F11, "1", "0") -> 0 | H11: 0rth Carolina | I11: =if(E11=H11, "1", "0") -> 0 | J11: Marquette | K11: =if(E11=J11, "1", "0") -> 0 | L11: Marquette | M11: =if(E11=L11, "1", "0") -> 0 | N11: Marquette | O11: =if(E11=N11, "1", "0") -> 0 | P11: Marquette | Q11: =if(E11=P11, "1", "0") -> 0 | R11: 0rth Carolina | S11: =if(R11=E11, "1", "0") -> 0 | T11: 0rth Carolina | U11: =If(T11=E11,"1","0") -> 0
A12: Round of 64 | B12: 11 | C12: Saint Mary's | D12: Indiana | E12: Saint Mary's | F12: Saint Mary's | G12: =if(E12=F12, "1", "0") -> 1 | H12: Saint Mary's | I12: =if(E12=H12, "1", "0") -> 1 | J12: Indiana | K12: =if(E12=J12, "1", "0") -> 0 | L12: Indiana | M12: =if(E12=L12, "1", "0") -> 0 | N12: Indiana | O12: =if(E12=N12, "1", "0") -> 0 | P12: Indiana | Q12: =if(E12=P12, "1", "0") -> 0 | R12: Saint Mary's | S12: =if(R12=E12, "1", "0") -> 1 | T12: Saint Mary's | U12: =If(T12=E12,"1","0") -> 1
A13: Round of 64 | B13: 12 | C13: UCLA | D13: Akron | E13: UCLA | F13: UCLA | G13: =if(E13=F13, "1", "0") -> 1 | H13: UCLA | I13: =if(E13=H13, "1", "0") -> 1 | J13: UCLA | K13: =if(E13=J13, "1", "0") -> 1 | L13: UCLA | M13: =if(E13=L13, "1", "0") -> 1 | N13: UCLA | O13: =if(E13=N13, "1", "0") -> 1 | P13: UCLA | Q13: =if(E13=P13, "1", "0") -> 1 | R13: UCLA | S13: =if(R13=E13, "1", "0") -> 1 | T13: UCLA | U13: =If(T13=E13,"1","0") -> 1
... A64: Championship | B64: 1 | C64: North Carolina | D64: Kansas | E64: Kansas | F64: Gonzaga | G64: =if(E64=F64, "1", "0") -> 0 | H64: Kansas | I64: =if(E64=H64, "1", "0") -> 1 | J64: Alabama | K64: =if(E64=J64, "1", "0") -> 0 | L64: Illi0is | M64: =if(E64=L64, "1", "0") -> 0 | N64: Alabama | O64: =if(E64=N64, "1", "0") -> 0 | P64: Iowa State | Q64: =if(E64=P64, "1", "0") -> 0 | R64: Kansas | S64: =if(R64=E64, "1", "0") -> 1 | T64: Villa0va | U64: =If(T64=E64,"1","0") -> 0

Sheet 2023
A1: Round | B1: Match | C1: Team1 | D1: Team2 | E1: Winner | F1: NetRankWinner | G1: NRW | H1: NetRankAdjWinner | I1: NRAW | J1: AvgOppNetWinner | K1: AONW | L1: AvgOppNetAdjWinner | M1: AONAW | N1: NetSosWinner | O1: NSW | P1: NetSosAdjWinner | Q1: NSAW | R1: WabWinner | S1: WW | T1: WabAdjWinner | U1: WAW
A2: Round of 64 | B2: 1 | C2: Alabama | D2: Texas A&M-CC | E2: Alabama | F2: Alabama | G2: =if(E2=F2, "1", "0") -> 1 | H2: Alabama | I2: =if(E2=H2, "1", "0") -> 1 | J2: Alabama | K2: =if(E2=J2, "1", "0") -> 1 | L2: Alabama | M2: =if(E2=L2, "1", "0") -> 1 | N2: Alabama | O2: =if(E2=N2, "1", "0") -> 1 | P2: Alabama | Q2: =if(E2=P2, "1", "0") -> 1 | R2: Alabama | S2: =IF(R2=E2,"1","0") -> 1 | T2: Alabama | U2: =IF(T2=E2,"1","0") -> 1
A3: Round of 64 | B3: 2 | C3: Maryland | D3: West Virginia | E3: Maryland | F3: West Virginia | G3: =if(E3=F3, "1", "0") -> 0 | H3: West Virginia | I3: =if(E3=H3, "1", "0") -> 0 | J3: West Virginia | K3: =if(E3=J3, "1", "0") -> 0 | L3: West Virginia | M3: =if(E3=L3, "1", "0") -> 0 | N3: West Virginia | O3: =if(E3=N3, "1", "0") -> 0 | P3: West Virginia | Q3: =if(E3=P3, "1", "0") -> 0 | R3: West Virginia | S3: =IF(R3=E3,"1","0") -> 0 | T3: Maryland | U3: =IF(T3=E3,"1","0") -> 1
A4: Round of 64 | B4: 3 | C4: San Diego State | D4: Charleston | E4: San Diego State | F4: San Diego State | G4: =if(E4=F4, "1", "0") -> 1 | H4: San Diego State | I4: =if(E4=H4, "1", "0") -> 1 | J4: San Diego State | K4: =if(E4=J4, "1", "0") -> 1 | L4: San Diego State | M4: =if(E4=L4, "1", "0") -> 1 | N4: San Diego State | O4: =if(E4=N4, "1", "0") -> 1 | P4: San Diego State | Q4: =if(E4=P4, "1", "0") -> 1 | R4: San Diego State | S4: =IF(R4=E4,"1","0") -> 1 | T4: San Diego State | U4: =IF(T4=E4,"1","0") -> 1
A5: Round of 64 | B5: 4 | C5: Virginia | D5: Furman | E5: Furman | F5: Virginia | G5: =if(E5=F5, "1", "0") -> 0 | H5: Virginia | I5: =if(E5=H5, "1", "0") -> 0 | J5: Virginia | K5: =if(E5=J5, "1", "0") -> 0 | L5: Virginia | M5: =if(E5=L5, "1", "0") -> 0 | N5: Virginia | O5: =if(E5=N5, "1", "0") -> 0 | P5: Virginia | Q5: =if(E5=P5, "1", "0") -> 0 | R5: Virginia | S5: =IF(R5=E5,"1","0") -> 0 | T5: Virginia | U5: =IF(T5=E5,"1","0") -> 0
A6: Round of 64 | B6: 5 | C6: Creighton | D6: NC State | E6: Creighton | F6: Creighton | G6: =if(E6=F6, "1", "0") -> 1 | H6: Creighton | I6: =if(E6=H6, "1", "0") -> 1 | J6: Creighton | K6: =if(E6=J6, "1", "0") -> 1 | L6: Creighton | M6: =if(E6=L6, "1", "0") -> 1 | N6: Creighton | O6: =if(E6=N6, "1", "0") -> 1 | P6: Creighton | Q6: =if(E6=P6, "1", "0") -> 1 | R6: Creighton | S6: =IF(R6=E6,"1","0") -> 1 | T6: Creighton | U6: =IF(T6=E6,"1","0") -> 1
A7: Round of 64 | B7: 6 | C7: Baylor | D7: UCSB | E7: Baylor | F7: Baylor | G7: =if(E7=F7, "1", "0") -> 1 | H7: Baylor | I7: =if(E7=H7, "1", "0") -> 1 | J7: Baylor | K7: =if(E7=J7, "1", "0") -> 1 | L7: Baylor | M7: =if(E7=L7, "1", "0") -> 1 | N7: Baylor | O7: =if(E7=N7, "1", "0") -> 1 | P7: Baylor | Q7: =if(E7=P7, "1", "0") -> 1 | R7: Baylor | S7: =IF(R7=E7,"1","0") -> 1 | T7: Baylor | U7: =IF(T7=E7,"1","0") -> 1
A8: Round of 64 | B8: 7 | C8: Missouri | D8: Utah State | E8: Missouri | F8: Utah State | G8: =if(E8=F8, "1", "0") -> 0 | H8: Utah State | I8: =if(E8=H8, "1", "0") -> 0 | J8: Utah State | K8: =if(E8=J8, "1", "0") -> 0 | L8: Utah State | M8: =if(E8=L8, "1", "0") -> 0 | N8: Missouri | O8: =if(E8=N8, "1", "0") -> 1 | P8: Missouri | Q8: =if(E8=P8, "1", "0") -> 1 | R8: Utah State | S8: =IF(R8=E8,"1","0") -> 0 | T8: Missouri | U8: =IF(T8=E8,"1","0") -> 1
A9: Round of 64 | B9: 8 | C9: Arizona | D9: Princeton | E9: Princeton | F9: Arizona | G9: =if(E9=F9, "1", "0") -> 0 | H9: Arizona | I9: =if(E9=H9, "1", "0") -> 0 | J9: Arizona | K9: =if(E9=J9, "1", "0") -> 0 | L9: Arizona | M9: =if(E9=L9, "1", "0") -> 0 | N9: Arizona | O9: =if(E9=N9, "1", "0") -> 0 | P9: Arizona | Q9: =if(E9=P9, "1", "0") -> 0 | R9: Arizona | S9: =IF(R9=E9,"1","0") -> 0 | T9: Arizona | U9: =IF(T9=E9,"1","0") -> 0
A10: Round of 64 | B10: 9 | C10: Purdue | D10: FDU | E10: FDU | F10: Purdue | G10: =if(E10=F10, "1", "0") -> 0 | H10: Purdue | I10: =if(E10=H10, "1", "0") -> 0 | J10: Purdue | K10: =if(E10=J10, "1", "0") -> 0 | L10: Purdue | M10: =if(E10=L10, "1", "0") -> 0 | N10: Purdue | O10: =if(E10=N10, "1", "0") -> 0 | P10: Purdue | Q10: =if(E10=P10, "1", "0") -> 0 | R10: Purdue | S10: =IF(R10=E10,"1","0") -> 0 | T10: Purdue | U10: =IF(T10=E10,"1","0") -> 0
A11: Round of 64 | B11: 10 | C11: Memphis | D11: FAU | E11: FAU | F11: FAU | G11: =if(E11=F11, "1", "0") -> 1 | H11: FAU | I11: =if(E11=H11, "1", "0") -> 1 | J11: Memphis | K11: =if(E11=J11, "1", "0") -> 0 | L11: Memphis | M11: =if(E11=L11, "1", "0") -> 0 | N11: Memphis | O11: =if(E11=N11, "1", "0") -> 0 | P11: Memphis | Q11: =if(E11=P11, "1", "0") -> 0 | R11: FAU | S11: =IF(R11=E11,"1","0") -> 1 | T11: Memphis | U11: =IF(T11=E11,"1","0") -> 0
A12: Round of 64 | B12: 11 | C12: Duke | D12: Oral Roberts | E12: Duke | F12: Duke | G12: =if(E12=F12, "1", "0") -> 1 | H12: Duke | I12: =if(E12=H12, "1", "0") -> 1 | J12: Duke | K12: =if(E12=J12, "1", "0") -> 1 | L12: Duke | M12: =if(E12=L12, "1", "0") -> 1 | N12: Duke | O12: =if(E12=N12, "1", "0") -> 1 | P12: Duke | Q12: =if(E12=P12, "1", "0") -> 1 | R12: Duke | S12: =IF(R12=E12,"1","0") -> 1 | T12: Duke | U12: =IF(T12=E12,"1","0") -> 1
A13: Round of 64 | B13: 12 | C13: Tennessee | D13: Louisiana | E13: Tennessee | F13: Tennessee | G13: =if(E13=F13, "1", "0") -> 1 | H13: Tennessee | I13: =if(E13=H13, "1", "0") -> 1 | J13: Tennessee | K13: =if(E13=J13, "1", "0") -> 1 | L13: Tennessee | M13: =if(E13=L13, "1", "0") -> 1 | N13: Tennessee | O13: =if(E13=N13, "1", "0") -> 1 | P13: Tennessee | Q13: =if(E13=P13, "1", "0") -> 1 | R13: Tennessee | S13: =IF(R13=E13,"1","0") -> 1 | T13: Tennessee | U13: =IF(T13=E13,"1","0") -> 1
... A64: Championship | B64: 1 | C64: San Diego State | D64: UConn | E64: UConn | F64: Houston | G64: =if(E64=F64, "1", "0") -> 0 | H64: Purdue | I64: =if(E64=H64, "1", "0") -> 0 | J64: Kansas | K64: =if(E64=J64, "1", "0") -> 0 | L64: Michigan State | M64: =if(E64=L64, "1", "0") -> 0 | N64: Kansas | O64: =if(E64=N64, "1", "0") -> 0 | P64: Kansas | Q64: =if(E64=P64, "1", "0") -> 0 | R64: Kansas | S64: =IF(R64=E64,"1","0") -> 0 | T64: Marquette | U64: =IF(T64=E64,"1","0") -> 0

Sheet 2024
A1: Round | B1: Match | C1: Team1 | D1: Team2 | E1: Winner | F1: NetRankWinner | G1: NRW | H1: NetRankAdjWinner | I1: NRAW | J1: AvgOppNetWinner | K1: AONW | L1: AvgOppNetAdjWinner | M1: AONAW | N1: NetSosWinner | O1: NSW | P1: NetSosAdjWinner | Q1: NSAW | R1: WabWinner | S1: WW | T1: WabAdjWinner | U1: WAW
A2: Round of 64 | B2: 1 | C2: UConn | D2: Stetson | E2: UConn | F2: UConn | G2: =if(E2=F2, "1", "0") -> 1 | H2: UConn | I2: =if(E2=H2, "1", "0") -> 1 | J2: UConn | K2: =if(E2=J2, "1", "0") -> 1 | L2: UConn | M2: =if(E2=L2, "1", "0") -> 1 | N2: UConn | O2: =if(E2=N2, "1", "0") -> 1 | P2: UConn | Q2: =if(E2=P2, "1", "0") -> 1 | R2: UConn | S2: =if(E2=R2, "1", "0") -> 1 | T2: UConn | U2: =IF(T2=E2, "1", "0") -> 1
A3: Round of 64 | B3: 2 | C3: FAU | D3: Northwestern | E3: Northwestern | F3: FAU | G3: =if(E3=F3, "1", "0") -> 0 | H3: FAU | I3: =if(E3=H3, "1", "0") -> 0 | J3: 0rthwestern | K3: =if(E3=J3, "1", "0") -> 0 | L3: 0rthwestern | M3: =if(E3=L3, "1", "0") -> 0 | N3: 0rthwestern | O3: =if(E3=N3, "1", "0") -> 0 | P3: 0rthwestern | Q3: =if(E3=P3, "1", "0") -> 0 | R3: FAU | S3: =if(E3=R3, "1", "0") -> 0 | T3: 0rthwestern | U3: =IF(T3=E3, "1", "0") -> 0
A4: Round of 64 | B4: 3 | C4: San Diego State | D4: UAB | E4: San Diego State | F4: San Diego State | G4: =if(E4=F4, "1", "0") -> 1 | H4: San Diego State | I4: =if(E4=H4, "1", "0") -> 1 | J4: San Diego State | K4: =if(E4=J4, "1", "0") -> 1 | L4: San Diego State | M4: =if(E4=L4, "1", "0") -> 1 | N4: San Diego State | O4: =if(E4=N4, "1", "0") -> 1 | P4: San Diego State | Q4: =if(E4=P4, "1", "0") -> 1 | R4: San Diego State | S4: =if(E4=R4, "1", "0") -> 1 | T4: San Diego State | U4: =IF(T4=E4, "1", "0") -> 1
A5: Round of 64 | B5: 4 | C5: Auburn | D5: Yale | E5: Yale | F5: Auburn | G5: =if(E5=F5, "1", "0") -> 0 | H5: Auburn | I5: =if(E5=H5, "1", "0") -> 0 | J5: Auburn | K5: =if(E5=J5, "1", "0") -> 0 | L5: Auburn | M5: =if(E5=L5, "1", "0") -> 0 | N5: Auburn | O5: =if(E5=N5, "1", "0") -> 0 | P5: Auburn | Q5: =if(E5=P5, "1", "0") -> 0 | R5: Auburn | S5: =if(E5=R5, "1", "0") -> 0 | T5: Auburn | U5: =IF(T5=E5, "1", "0") -> 0
A6: Round of 64 | B6: 5 | C6: BYU | D6: Duquesne | E6: Duquesne | F6: BYU | G6: =if(E6=F6, "1", "0") -> 0 | H6: BYU | I6: =if(E6=H6, "1", "0") -> 0 | J6: BYU | K6: =if(E6=J6, "1", "0") -> 0 | L6: BYU | M6: =if(E6=L6, "1", "0") -> 0 | N6: BYU | O6: =if(E6=N6, "1", "0") -> 0 | P6: BYU | Q6: =if(E6=P6, "1", "0") -> 0 | R6: BYU | S6: =if(E6=R6, "1", "0") -> 0 | T6: BYU | U6: =IF(T6=E6, "1", "0") -> 0
A7: Round of 64 | B7: 6 | C7: IlliNois | D7: Morehead State | E7: IlliNois | F7: Illi0is | G7: =if(E7=F7, "1", "0") -> 0 | H7: Illi0is | I7: =if(E7=H7, "1", "0") -> 0 | J7: Illi0is | K7: =if(E7=J7, "1", "0") -> 0 | L7: Illi0is | M7: =if(E7=L7, "1", "0") -> 0 | N7: Illi0is | O7: =if(E7=N7, "1", "0") -> 0 | P7: Illi0is | Q7: =if(E7=P7, "1", "0") -> 0 | R7: Illi0is | S7: =if(E7=R7, "1", "0") -> 0 | T7: Illi0is | U7: =IF(T7=E7, "1", "0") -> 0
A8: Round of 64 | B8: 7 | C8: Washington State | D8: Drake | E8: Washington State | F8: Washington State | G8: =if(E8=F8, "1", "0") -> 1 | H8: Drake | I8: =if(E8=H8, "1", "0") -> 0 | J8: Washington State | K8: =if(E8=J8, "1", "0") -> 1 | L8: Washington State | M8: =if(E8=L8, "1", "0") -> 1 | N8: Washington State | O8: =if(E8=N8, "1", "0") -> 1 | P8: Washington State | Q8: =if(E8=P8, "1", "0") -> 1 | R8: Washington State | S8: =if(E8=R8, "1", "0") -> 1 | T8: Drake | U8: =IF(T8=E8, "1", "0") -> 0
A9: Round of 64 | B9: 8 | C9: Iowa State | D9: South Dakota State | E9: Iowa State | F9: Iowa State | G9: =if(E9=F9, "1", "0") -> 1 | H9: Iowa State | I9: =if(E9=H9, "1", "0") -> 1 | J9: Iowa State | K9: =if(E9=J9, "1", "0") -> 1 | L9: Iowa State | M9: =if(E9=L9, "1", "0") -> 1 | N9: Iowa State | O9: =if(E9=N9, "1", "0") -> 1 | P9: Iowa State | Q9: =if(E9=P9, "1", "0") -> 1 | R9: Iowa State | S9: =if(E9=R9, "1", "0") -> 1 | T9: Iowa State | U9: =IF(T9=E9, "1", "0") -> 1
A10: Round of 64 | B10: 9 | C10: North Carolina | D10: Wagner | E10: North Carolina | F10: 0rth Carolina | G10: =if(E10=F10, "1", "0") -> 0 | H10: 0rth Carolina | I10: =if(E10=H10, "1", "0") -> 0 | J10: 0rth Carolina | K10: =if(E10=J10, "1", "0") -> 0 | L10: 0rth Carolina | M10: =if(E10=L10, "1", "0") -> 0 | N10: 0rth Carolina | O10: =if(E10=N10, "1", "0") -> 0 | P10: 0rth Carolina | Q10: =if(E10=P10, "1", "0") -> 0 | R10: 0rth Carolina | S10: =if(E10=R10, "1", "0") -> 0 | T10: 0rth Carolina | U10: =IF(T10=E10, "1", "0") -> 0
A11: Round of 64 | B11: 10 | C11: Mississippi State | D11: Michigan State | E11: Michigan State | F11: Michigan State | G11: =if(E11=F11, "1", "0") -> 1 | H11: Mississippi State | I11: =if(E11=H11, "1", "0") -> 0 | J11: Michigan State | K11: =if(E11=J11, "1", "0") -> 1 | L11: Michigan State | M11: =if(E11=L11, "1", "0") -> 1 | N11: Michigan State | O11: =if(E11=N11, "1", "0") -> 1 | P11: Michigan State | Q11: =if(E11=P11, "1", "0") -> 1 | R11: Mississippi State | S11: =if(E11=R11, "1", "0") -> 0 | T11: Michigan State | U11: =IF(T11=E11, "1", "0") -> 1
A12: Round of 64 | B12: 11 | C12: Saint Mary's | D12: Grand Canyon | E12: Grand Canyon | F12: Saint Mary's | G12: =if(E12=F12, "1", "0") -> 0 | H12: Saint Mary's | I12: =if(E12=H12, "1", "0") -> 0 | J12: Saint Mary's | K12: =if(E12=J12, "1", "0") -> 0 | L12: Grand Canyon | M12: =if(E12=L12, "1", "0") -> 1 | N12: Saint Mary's | O12: =if(E12=N12, "1", "0") -> 0 | P12: Saint Mary's | Q12: =if(E12=P12, "1", "0") -> 0 | R12: Grand Canyon | S12: =if(E12=R12, "1", "0") -> 1 | T12: Saint Mary's | U12: =IF(T12=E12, "1", "0") -> 0
A13: Round of 64 | B13: 12 | C13: Alabama | D13: Charleston | E13: Alabama | F13: Alabama | G13: =if(E13=F13, "1", "0") -> 1 | H13: Alabama | I13: =if(E13=H13, "1", "0") -> 1 | J13: Alabama | K13: =if(E13=J13, "1", "0") -> 1 | L13: Alabama | M13: =if(E13=L13, "1", "0") -> 1 | N13: Alabama | O13: =if(E13=N13, "1", "0") -> 1 | P13: Alabama | Q13: =if(E13=P13, "1", "0") -> 1 | R13: Alabama | S13: =if(E13=R13, "1", "0") -> 1 | T13: Alabama | U13: =IF(T13=E13, "1", "0") -> 1
... A64: Championship | B64: 1 | C64: UConn | D64: Purdue | E64: UConn | F64: Houston | G64: =if(E64=F64, "1", "0") -> 0 | H64: Purdue | I64: =if(E64=H64, "1", "0") -> 0 | J64: Purdue | K64: =if(E64=J64, "1", "0") -> 0 | L64: Alabama | M64: =if(E64=L64, "1", "0") -> 0 | N64: Baylor | O64: =if(E64=N64, "1", "0") -> 0 | P64: Purdue | Q64: =if(E64=P64, "1", "0") -> 0 | R64: Purdue | S64: =if(E64=R64, "1", "0") -> 0 | T64: Illi0is | U64: =IF(T64=E64, "1", "0") -> 0

Sheet 2025
A1: Round | B1: Match | C1: Team1 | D1: Team2 | E1: Winner | F1: NetRankWinner | G1: NRW | H1: NetRankAdjWinner | I1: NRAW | J1: AvgOppNetWinner | K1: AONW | L1: AvgOppNetAdjWinner | M1: AONAW | N1: NetSosWinner | O1: NSW | P1: NetSosAdjWinner | Q1: NSAW | R1: WabWinner | S1: WW | T1: WabAdjWinner | U1: WAW
A2: Round of 64 | B2: 1 | C2: Auburn | D2: Alabama State | E2: Auburn | F2: Auburn | G2: =if(E2=F2, "1", "0") -> 1 | H2: Auburn | I2: =if(E2=H2, "1", "0") -> 1 | J2: Auburn | K2: =if(E2=J2, "1", "0") -> 1 | L2: Auburn | M2: =if(E2=L2, "1", "0") -> 1 | N2: Auburn | O2: =if(E2=N2, "1", "0") -> 1 | P2: Auburn | Q2: =if(E2=P2, "1", "0") -> 1 | R2: Auburn | S2: =if(E2=R2, "1", "0") -> 1 | T2: Auburn | U2: =if(E2=T2, "1", "0") -> 1
A3: Round of 64 | B3: 2 | C3: Louisville | D3: Creighton | E3: Creighton | F3: Louisville | G3: =if(E3=F3, "1", "0") -> 0 | H3: Louisville | I3: =if(E3=H3, "1", "0") -> 0 | J3: Louisville | K3: =if(E3=J3, "1", "0") -> 0 | L3: Creighton | M3: =if(E3=L3, "1", "0") -> 1 | N3: Creighton | O3: =if(E3=N3, "1", "0") -> 1 | P3: Louisville | Q3: =if(E3=P3, "1", "0") -> 0 | R3: Louisville | S3: =if(E3=R3, "1", "0") -> 0 | T3: Louisville | U3: =if(E3=T3, "1", "0") -> 0
A4: Round of 64 | B4: 3 | C4: Michigan | D4: San Diego State | E4: Michigan | F4: Michigan | G4: =if(E4=F4, "1", "0") -> 1 | H4: Michigan | I4: =if(E4=H4, "1", "0") -> 1 | J4: Michigan | K4: =if(E4=J4, "1", "0") -> 1 | L4: Michigan | M4: =if(E4=L4, "1", "0") -> 1 | N4: Michigan | O4: =if(E4=N4, "1", "0") -> 1 | P4: Michigan | Q4: =if(E4=P4, "1", "0") -> 1 | R4: Michigan | S4: =if(E4=R4, "1", "0") -> 1 | T4: Michigan | U4: =if(E4=T4, "1", "0") -> 1
A5: Round of 64 | B5: 4 | C5: Texas A&M | D5: Yale | E5: Texas A&M | F5: Texas A&M | G5: =if(E5=F5, "1", "0") -> 1 | H5: Texas A&M | I5: =if(E5=H5, "1", "0") -> 1 | J5: Texas A&M | K5: =if(E5=J5, "1", "0") -> 1 | L5: Texas A&M | M5: =if(E5=L5, "1", "0") -> 1 | N5: Texas A&M | O5: =if(E5=N5, "1", "0") -> 1 | P5: Texas A&M | Q5: =if(E5=P5, "1", "0") -> 1 | R5: Texas A&M | S5: =if(E5=R5, "1", "0") -> 1 | T5: Texas A&M | U5: =if(E5=T5, "1", "0") -> 1
A6: Round of 64 | B6: 5 | C6: Ole Miss | D6: North Carolina | E6: Ole Miss | F6: Ole Miss | G6: =if(E6=F6, "1", "0") -> 1 | H6: Ole Miss | I6: =if(E6=H6, "1", "0") -> 1 | J6: Ole Miss | K6: =if(E6=J6, "1", "0") -> 1 | L6: Ole Miss | M6: =if(E6=L6, "1", "0") -> 1 | N6: Ole Miss | O6: =if(E6=N6, "1", "0") -> 1 | P6: Ole Miss | Q6: =if(E6=P6, "1", "0") -> 1 | R6: Ole Miss | S6: =if(E6=R6, "1", "0") -> 1 | T6: Ole Miss | U6: =if(E6=T6, "1", "0") -> 1
A7: Round of 64 | B7: 6 | C7: Iowa State | D7: Lipscomb | E7: Iowa State | F7: Iowa State | G7: =if(E7=F7, "1", "0") -> 1 | H7: Iowa State | I7: =if(E7=H7, "1", "0") -> 1 | J7: Iowa State | K7: =if(E7=J7, "1", "0") -> 1 | L7: Iowa State | M7: =if(E7=L7, "1", "0") -> 1 | N7: Iowa State | O7: =if(E7=N7, "1", "0") -> 1 | P7: Iowa State | Q7: =if(E7=P7, "1", "0") -> 1 | R7: Iowa State | S7: =if(E7=R7, "1", "0") -> 1 | T7: Iowa State | U7: =if(E7=T7, "1", "0") -> 1
A8: Round of 64 | B8: 7 | C8: Marquette | D8: New Mexico | E8: New Mexico | F8: Marquette | G8: =if(E8=F8, "1", "0") -> 0 | H8: Marquette | I8: =if(E8=H8, "1", "0") -> 0 | J8: Marquette | K8: =if(E8=J8, "1", "0") -> 0 | L8: Marquette | M8: =if(E8=L8, "1", "0") -> 0 | N8: Marquette | O8: =if(E8=N8, "1", "0") -> 0 | P8: Marquette | Q8: =if(E8=P8, "1", "0") -> 0 | R8: Marquette | S8: =if(E8=R8, "1", "0") -> 0 | T8: New Mexico | U8: =if(E8=T8, "1", "0") -> 1
A9: Round of 64 | B9: 8 | C9: Michigan State | D9: Bryant | E9: Michigan State | F9: Michigan State | G9: =if(E9=F9, "1", "0") -> 1 | H9: Michigan State | I9: =if(E9=H9, "1", "0") -> 1 | J9: Michigan State | K9: =if(E9=J9, "1", "0") -> 1 | L9: Michigan State | M9: =if(E9=L9, "1", "0") -> 1 | N9: Michigan State | O9: =if(E9=N9, "1", "0") -> 1 | P9: Michigan State | Q9: =if(E9=P9, "1", "0") -> 1 | R9: Michigan State | S9: =if(E9=R9, "1", "0") -> 1 | T9: Michigan State | U9: =if(E9=T9, "1", "0") -> 1
A10: Round of 64 | B10: 9 | C10: Florida | D10: Norfolk State | E10: Florida | F10: Florida | G10: =if(E10=F10, "1", "0") -> 1 | H10: Florida | I10: =if(E10=H10, "1", "0") -> 1 | J10: Florida | K10: =if(E10=J10, "1", "0") -> 1 | L10: Florida | M10: =if(E10=L10, "1", "0") -> 1 | N10: Florida | O10: =if(E10=N10, "1", "0") -> 1 | P10: Florida | Q10: =if(E10=P10, "1", "0") -> 1 | R10: Florida | S10: =if(E10=R10, "1", "0") -> 1 | T10: Florida | U10: =if(E10=T10, "1", "0") -> 1
A11: Round of 64 | B11: 10 | C11: UConn | D11: Oklahoma | E11: UConn | F11: UConn | G11: =if(E11=F11, "1", "0") -> 1 | H11: UConn | I11: =if(E11=H11, "1", "0") -> 1 | J11: Oklahoma | K11: =if(E11=J11, "1", "0") -> 0 | L11: Oklahoma | M11: =if(E11=L11, "1", "0") -> 0 | N11: Oklahoma | O11: =if(E11=N11, "1", "0") -> 0 | P11: Oklahoma | Q11: =if(E11=P11, "1", "0") -> 0 | R11: Oklahoma | S11: =if(E11=R11, "1", "0") -> 0 | T11: UConn | U11: =if(E11=T11, "1", "0") -> 1
A12: Round of 64 | B12: 11 | C12: Memphis | D12: Colorado State | E12: Colorado State | F12: Colorado State | G12: =if(E12=F12, "1", "0") -> 1 | H12: Memphis | I12: =if(E12=H12, "1", "0") -> 0 | J12: Memphis | K12: =if(E12=J12, "1", "0") -> 0 | L12: Colorado State | M12: =if(E12=L12, "1", "0") -> 1 | N12: Colorado State | O12: =if(E12=N12, "1", "0") -> 1 | P12: Memphis | Q12: =if(E12=P12, "1", "0") -> 0 | R12: Memphis | S12: =if(E12=R12, "1", "0") -> 0 | T12: Memphis | U12: =if(E12=T12, "1", "0") -> 0
A13: Round of 64 | B13: 12 | C13: Maryland | D13: Grand Canyon | E13: Maryland | F13: Maryland | G13: =if(E13=F13, "1", "0") -> 1 | H13: Maryland | I13: =if(E13=H13, "1", "0") -> 1 | J13: Maryland | K13: =if(E13=J13, "1", "0") -> 1 | L13: Maryland | M13: =if(E13=L13, "1", "0") -> 1 | N13: Maryland | O13: =if(E13=N13, "1", "0") -> 1 | P13: Maryland | Q13: =if(E13=P13, "1", "0") -> 1 | R13: Maryland | S13: =if(E13=R13, "1", "0") -> 1 | T13: Maryland | U13: =if(E13=T13, "1", "0") -> 1
... A64: Championship | B64: 1 | C64: Florida | D64: Houston | E64: Florida | F64: Duke | G64: =if(E64=F64, "1", "0") -> 0 | H64: Gonzaga | I64: =if(E64=H64, "1", "0") -> 0 | J64: Alabama | K64: =if(E64=J64, "1", "0") -> 0 | L64: Texas A&M | M64: =if(E64=L64, "1", "0") -> 0 | N64: Alabama | O64: =if(E64=N64, "1", "0") -> 0 | P64: Kansas | Q64: =if(E64=P64, "1", "0") -> 0 | R64: Auburn | S64: =if(E64=R64, "1", "0") -> 0 | T64: Duke | U64: =if(E64=T64, "1", "0") -> 0

Sheet Percentages
B1: 2022 | C1: 2023 | D1: 2024 | E1: 2025 | F1: Ro64 | G1: Ro32 | H1: Sweet16 | I1: Elite8 | J1: Final4 | K1: Championship | L1: Overall | M1: Score | N1: Coefficients
A2: NetRank | B2: =(COUNTIF('2022'!G2:'2022'!G64,"1"))/63 -> 0.44444444 | C2: =(COUNTIF('2023'!G2:'2023'!G64,"1"))/63 -> 0.55555556 | D2: =(COUNTIF('2024'!G2:'2024'!G64,"1"))/63 -> 0.58730159 | E2: =(COUNTIF('2025'!G2:'2025'!G64,"1"))/63 -> 0.77777778 | F2: =((COUNTIF('2022'!G2:'2022'!G33,"1"))+(COUNTIF('2023'!G2:'2023'!G33,"1"))+(COUNTIF('2024'!G2:'2024'!G33,"1"))+(COUNTIF('2025'!G2:'2025'!G33,"1")))/128 -> 0.6875 | G2: =((COUNTIF('2022'!G34:'2022'!G49,"1"))+(COUNTIF('2023'!G34:'2023'!G49,"1"))+(COUNTIF('2024'!G34:'2024'!G49,"1"))+(COUNTIF('2025'!G34:'2025'!G49,"1")))/64 -> 0.625 | H2: =((COUNTIF('2022'!G50:'2022'!G57,"1"))+(COUNTIF('2023'!G50:'2023'!G57,"1"))+(COUNTIF('2024'!G50:'2024'!G57,"1"))+(COUNTIF('2025'!G50:'2025'!G57,"1")))/32 -> 0.40625 | I2: =((COUNTIF('2022'!G58:'2022'!G61,"1"))+(COUNTIF('2023'!G58:'2023'!G61,"1"))+(COUNTIF('2024'!G58:'2024'!G61,"1"))+(COUNTIF('2025'!G58:'2025'!G61,"1")))/16 -> 0.4375 | J2: =((COUNTIF('2022'!G62:'2022'!G63,"1"))+(COUNTIF('2023'!G62:'2023'!G63,"1"))+(COUNTIF('2024'!G62:'2024'!G63,"1"))+(COUNTIF('2025'!G62:'2025'!G63,"1")))/8 -> 0.125 | K2: =((COUNTIF('2022'!G64,"1"))+(COUNTIF('2023'!G64,"1"))+(COUNTIF('2024'!G64,"1"))+(COUNTIF('2025'!G64,"1")))/4 -> 0 | L2: =((COUNTIF('2022'!G2:'2022'!G64,"1"))+(COUNTIF('2023'!G2:'2023'!G64,"1"))+(COUNTIF('2024'!G2:'2024'!G64,"1"))+(COUNTIF('2025'!G2:'2025'!G64,"1")))/252 -> 0.59126984 | M2: =(((((COUNTIF('2022'!G2:'2022'!G33,"1"))+(COUNTIF('2023'!G2:'2023'!G33,"1"))+(COUNTIF('2024'!G2:'2024'!G33,"1"))+(COUNTIF('2025'!G2:'2025'!G33,"1")))*10)+(((COUNTIF('2022'!G34:'2022'!G49,"1"))+(COUNTIF('2023'!G34:'2023'!G49,"1"))+(COUNTIF('2024'!G34:'2024'!G49,"1"))+(COUNTIF('2025'!G34:'2025'!G49,"1")))*20)+((((COUNTIF('2022'!G50:'2022'!G57,"1"))+(COUNTIF('2023'!G50:'2023'!G57,"1"))+(COUNTIF('2024'!G50:'2024'!G57,"1"))+(COUNTIF('2025'!G50:'2025'!G57,"1")))*40)+(((COUNTIF('2022'!G58:'2022'!G61,"1"))+(COUNTIF('2023'!G58:'2023'!G61,"1"))+(COUNTIF('2024'!G58:'2024'!G61,"1"))+(COUNTIF('2025'!G58:'2025'!G61,"1")))*80)+(((COUNTIF('2022'!G62:'2022'!G63,"1"))+(COUNTIF('2023'!G62:'2023'!G63,"1"))+(COUNTIF('2024'!G62:'2024'!G63,"1"))+(COUNTIF('2025'!G62:'2025'!G63,"1")))*160)+(((COUNTIF('2022'!G64,"1"))+(COUNTIF('2023'!G64,"1"))+(COUNTIF('2024'!G64,"1"))+(COUNTIF('2025'!G64,"1")))*320))))/4 -> 730 | N2: =M2/5447.5 -> 0.13400643
A3: NetRankAdj | B3: =(COUNTIF('2022'!I2:'2022'!I64,"1"))/63 -> 0.52380952 | C3: =(COUNTIF('2023'!I2:'2023'!I64,"1"))/63 -> 0.55555556 | D3: =(COUNTIF('2024'!I2:'2024'!I64,"1"))/63 -> 0.49206349 | E3: =(COUNTIF('2025'!I2:'2025'!I64,"1"))/63 -> 0.66666667 | F3: =((COUNTIF('2022'!I2:'2022'!I33,"1"))+(COUNTIF('2023'!I2:'2023'!I33,"1"))+(COUNTIF('2024'!I2:'2024'!I33,"1"))+(COUNTIF('2025'!I2:'2025'!I33,"1")))/128 -> 0.640625 | G3: =((COUNTIF('2022'!I34:'2022'!I49,"1"))+(COUNTIF('2023'!I34:'2023'!I49,"1"))+(COUNTIF('2024'!I34:'2024'!I49,"1"))+(COUNTIF('2025'!I34:'2025'!I49,"1")))/64 -> 0.59375 | H3: =((COUNTIF('2022'!I50:'2022'!I57,"1"))+(COUNTIF('2023'!I50:'2023'!I57,"1"))+(COUNTIF('2024'!I50:'2024'!I57,"1"))+(COUNTIF('2025'!I50:'2025'!I57,"1")))/32 -> 0.4375 | I3: =((COUNTIF('2022'!I58:'2022'!I61,"1"))+(COUNTIF('2023'!I58:'2023'!I61,"1"))+(COUNTIF('2024'!I58:'2024'!I61,"1"))+(COUNTIF('2025'!I58:'2025'!I61,"1")))/16 -> 0.25 | J3: =((COUNTIF('2022'!I62:'2022'!I63,"1"))+(COUNTIF('2023'!I62:'2023'!I63,"1"))+(COUNTIF('2024'!I62:'2024'!I63,"1"))+(COUNTIF('2025'!I62:'2025'!I63,"1")))/8 -> 0.25 | K3: =((COUNTIF('2022'!I64,"1"))+(COUNTIF('2023'!I64,"1"))+(COUNTIF('2024'!I64,"1"))+(COUNTIF('2025'!I64,"1")))/4 -> 0.25 | L3: =((COUNTIF('2022'!I2:'2022'!I64,"1"))+(COUNTIF('2023'!I2:'2023'!I64,"1"))+(COUNTIF('2024'!I2:'2024'!I64,"1"))+(COUNTIF('2025'!I2:'2025'!I64,"1")))/252 -> 0.55952381 | M3: =(((((COUNTIF('2022'!I2:'2022'!I33,"1"))+(COUNTIF('2023'!I2:'2023'!I33,"1"))+(COUNTIF('2024'!I2:'2024'!I33,"1"))+(COUNTIF('2025'!I2:'2025'!I33,"1")))*10)+(((COUNTIF('2022'!I34:'2022'!I49,"1"))+(COUNTIF('2023'!I34:'2023'!I49,"1"))+(COUNTIF('2024'!I34:'2024'!I49,"1"))+(COUNTIF('2025'!I34:'2025'!I49,"1")))*20)+((((COUNTIF('2022'!I50:'2022'!I57,"1"))+(COUNTIF('2023'!I50:'2023'!I57,"1"))+(COUNTIF('2024'!I50:'2024'!I57,"1"))+(COUNTIF('2025'!I50:'2025'!I57,"1")))*40)+(((COUNTIF('2022'!I58:'2022'!I61,"1"))+(COUNTIF('2023'!I58:'2023'!I61,"1"))+(COUNTIF('2024'!I58:'2024'!I61,"1"))+(COUNTIF('2025'!I58:'2025'!I61,"1")))*80)+(((COUNTIF('2022'!I62:'2022'!I63,"1"))+(COUNTIF('2023'!I62:'2023'!I63,"1"))+(COUNTIF('2024'!I62:'2024'!I63,"1"))+(COUNTIF('2025'!I62:'2025'!I63,"1")))*160)+(((COUNTIF('2022'!I64,"1"))+(COUNTIF('2023'!I64,"1"))+(COUNTIF('2024'!I64,"1"))+(COUNTIF('2025'!I64,"1")))*320))))/4 -> 775 | N3: =M3/5447.5 -> 0.1422671
A4: AvgOppNet | B4: =(COUNTIF('2022'!K2:'2022'!K64,"1"))/63 -> 0.47619048 | C4: =(COUNTIF('2023'!K2:'2023'!K64,"1"))/63 -> 0.47619048 | D4: =(COUNTIF('2024'!K2:'2024'!K64,"1"))/63 -> 0.55555556 | E4: =(COUNTIF('2025'!K2:'2025'!K64,"1"))/63 -> 0.63492063 | F4: =((COUNTIF('2022'!K2:'2022'!K33,"1"))+(COUNTIF('2023'!K2:'2023'!K33,"1"))+(COUNTIF('2024'!K2:'2024'!K33,"1"))+(COUNTIF('2025'!K2:'2025'!K33,"1")))/128 -> 0.6875 | G4: =((COUNTIF('2022'!K34:'2022'!K49,"1"))+(COUNTIF('2023'!K34:'2023'!K49,"1"))+(COUNTIF('2024'!K34:'2024'!K49,"1"))+(COUNTIF('2025'!K34:'2025'!K49,"1")))/64 -> 0.484375 | H4: =((COUNTIF('2022'!K50:'2022'!K57,"1"))+(COUNTIF('2023'!K50:'2023'!K57,"1"))+(COUNTIF('2024'!K50:'2024'!K57,"1"))+(COUNTIF('2025'!K50:'2025'!K57,"1")))/32 -> 0.3125 | I4: =((COUNTIF('2022'!K58:'2022'!K61,"1"))+(COUNTIF('2023'!K58:'2023'!K61,"1"))+(COUNTIF('2024'!K58:'2024'!K61,"1"))+(COUNTIF('2025'!K58:'2025'!K61,"1")))/16 -> 0.25 | J4: =((COUNTIF('2022'!K62:'2022'!K63,"1"))+(COUNTIF('2023'!K62:'2023'!K63,"1"))+(COUNTIF('2024'!K62:'2024'!K63,"1"))+(COUNTIF('2025'!K62:'2025'!K63,"1")))/8 -> 0.25 | K4: =((COUNTIF('2022'!K64,"1"))+(COUNTIF('2023'!K64,"1"))+(COUNTIF('2024'!K64,"1"))+(COUNTIF('2025'!K64,"1")))/4 -> 0 | L4: =((COUNTIF('2022'!K2:'2022'!K64,"1"))+(COUNTIF('2023'!K2:'2023'!K64,"1"))+(COUNTIF('2024'!K2:'2024'!K64,"1"))+(COUNTIF('2025'!K2:'2025'!K64,"1")))/252 -> 0.53571429 | M4: =(((((COUNTIF('2022'!K2:'2022'!K33,"1"))+(COUNTIF('2023'!K2:'2023'!K33,"1"))+(COUNTIF('2024'!K2:'2024'!K33,"1"))+(COUNTIF('2025'!K2:'2025'!K33,"1")))*10)+(((COUNTIF('2022'!K34:'2022'!K49,"1"))+(COUNTIF('2023'!K34:'2023'!K49,"1"))+(COUNTIF('2024'!K34:'2024'!K49,"1"))+(COUNTIF('2025'!K34:'2025'!K49,"1")))*20)+((((COUNTIF('2022'!K50:'2022'!K57,"1"))+(COUNTIF('2023'!K50:'2023'!K57,"1"))+(COUNTIF('2024'!K50:'2024'!K57,"1"))+(COUNTIF('2025'!K50:'2025'!K57,"1")))*40)+(((COUNTIF('2022'!K58:'2022'!K61,"1"))+(COUNTIF('2023'!K58:'2023'!K61,"1"))+(COUNTIF('2024'!K58:'2024'!K61,"1"))+(COUNTIF('2025'!K58:'2025'!K61,"1")))*80)+(((COUNTIF('2022'!K62:'2022'!K63,"1"))+(COUNTIF('2023'!K62:'2023'!K63,"1"))+(COUNTIF('2024'!K62:'2024'!K63,"1"))+(COUNTIF('2025'!K62:'2025'!K63,"1")))*160)+(((COUNTIF('2022'!K64,"1"))+(COUNTIF('2023'!K64,"1"))+(COUNTIF('2024'!K64,"1"))+(COUNTIF('2025'!K64,"1")))*320))))/4 -> 635 | N4: =M4/5447.5 -> 0.11656723
A5: AvgOppNetAdj | B5: =(COUNTIF('2022'!M2:'2022'!M64,"1"))/63 -> 0.46031746 | C5: =(COUNTIF('2023'!M2:'2023'!M64,"1"))/63 -> 0.55555556 | D5: =(COUNTIF('2024'!M2:'2024'!M64,"1"))/63 -> 0.53968254 | E5: =(COUNTIF('2025'!M2:'2025'!M64,"1"))/63 -> 0.58730159 | F5: =((COUNTIF('2022'!M2:'2022'!M33,"1"))+(COUNTIF('2023'!M2:'2023'!M33,"1"))+(COUNTIF('2024'!M2:'2024'!M33,"1"))+(COUNTIF('2025'!M2:'2025'!M33,"1")))/128 -> 0.71875 | G5: =((COUNTIF('2022'!M34:'2022'!M49,"1"))+(COUNTIF('2023'!M34:'2023'!M49,"1"))+(COUNTIF('2024'!M34:'2024'!M49,"1"))+(COUNTIF('2025'!M34:'2025'!M49,"1")))/64 -> 0.515625 | H5: =((COUNTIF('2022'!M50:'2022'!M57,"1"))+(COUNTIF('2023'!M50:'2023'!M57,"1"))+(COUNTIF('2024'!M50:'2024'!M57,"1"))+(COUNTIF('2025'!M50:'2025'!M57,"1")))/32 -> 0.25 | I5: =((COUNTIF('2022'!M58:'2022'!M61,"1"))+(COUNTIF('2023'!M58:'2023'!M61,"1"))+(COUNTIF('2024'!M58:'2024'!M61,"1"))+(COUNTIF('2025'!M58:'2025'!M61,"1")))/16 -> 0.125 | J5: =((COUNTIF('2022'!M62:'2022'!M63,"1"))+(COUNTIF('2023'!M62:'2023'!M63,"1"))+(COUNTIF('2024'!M62:'2024'!M63,"1"))+(COUNTIF('2025'!M62:'2025'!M63,"1")))/8 -> 0 | K5: =((COUNTIF('2022'!M64,"1"))+(COUNTIF('2023'!M64,"1"))+(COUNTIF('2024'!M64,"1"))+(COUNTIF('2025'!M64,"1")))/4 -> 0 | L5: =((COUNTIF('2022'!M2:'2022'!M64,"1"))+(COUNTIF('2023'!M2:'2023'!M64,"1"))+(COUNTIF('2024'!M2:'2024'!M64,"1"))+(COUNTIF('2025'!M2:'2025'!M64,"1")))/252 -> 0.53571429 | M5: =(((((COUNTIF('2022'!M2:'2022'!M33,"1"))+(COUNTIF('2023'!M2:'2023'!M33,"1"))+(COUNTIF('2024'!M2:'2024'!M33,"1"))+(COUNTIF('2025'!M2:'2025'!M33,"1")))*10)+(((COUNTIF('2022'!M34:'2022'!M49,"1"))+(COUNTIF('2023'!M34:'2023'!M49,"1"))+(COUNTIF('2024'!M34:'2024'!M49,"1"))+(COUNTIF('2025'!M34:'2025'!M49,"1")))*20)+((((COUNTIF('2022'!M50:'2022'!M57,"1"))+(COUNTIF('2023'!M50:'2023'!M57,"1"))+(COUNTIF('2024'!M50:'2024'!M57,"1"))+(COUNTIF('2025'!M50:'2025'!M57,"1")))*40)+(((COUNTIF('2022'!M58:'2022'!M61,"1"))+(COUNTIF('2023'!M58:'2023'!M61,"1"))+(COUNTIF('2024'!M58:'2024'!M61,"1"))+(COUNTIF('2025'!M58:'2025'!M61,"1")))*80)+(((COUNTIF('2022'!M62:'2022'!M63,"1"))+(COUNTIF('2023'!M62:'2023'!M63,"1"))+(COUNTIF('2024'!M62:'2024'!M63,"1"))+(COUNTIF('2025'!M62:'2025'!M63,"1")))*160)+(((COUNTIF('2022'!M64,"1"))+(COUNTIF('2023'!M64,"1"))+(COUNTIF('2024'!M64,"1"))+(COUNTIF('2025'!M64,"1")))*320))))/4 -> 515 | N5: =M5/5447.5 -> 0.094538779
A6: NetSos | B6: =(COUNTIF('2022'!O2:'2022'!O64,"1"))/63 -> 0.44444444 | C6: =(COUNTIF('2023'!O2:'2023'!O64,"1"))/63 -> 0.49206349 | D6: =(COUNTIF('2024'!O2:'2024'!O64,"1"))/63 -> 0.50793651 | E6: =(COUNTIF('2025'!O2:'2025'!O64,"1"))/63 -> 0.57142857 | F6: =((COUNTIF('2022'!O2:'2022'!O33,"1"))+(COUNTIF('2023'!O2:'2023'!O33,"1"))+(COUNTIF('2024'!O2:'2024'!O33,"1"))+(COUNTIF('2025'!O2:'2025'!O33,"1")))/128 -> 0.7109375 | G6: =((COUNTIF('2022'!O34:'2022'!O49,"1"))+(COUNTIF('2023'!O34:'2023'!O49,"1"))+(COUNTIF('2024'!O34:'2024'!O49,"1"))+(COUNTIF('2025'!O34:'2025'!O49,"1")))/64 -> 0.4375 | H6: =((COUNTIF('2022'!O50:'2022'!O57,"1"))+(COUNTIF('2023'!O50:'2023'!O57,"1"))+(COUNTIF('2024'!O50:'2024'!O57,"1"))+(COUNTIF('2025'!O50:'2025'!O57,"1")))/32 -> 0.1875 | I6: =((COUNTIF('2022'!O58:'2022'!O61,"1"))+(COUNTIF('2023'!O58:'2023'!O61,"1"))+(COUNTIF('2024'!O58:'2024'!O61,"1"))+(COUNTIF('2025'!O58:'2025'!O61,"1")))/16 -> 0.125 | J6: =((COUNTIF('2022'!O62:'2022'!O63,"1"))+(COUNTIF('2023'!O62:'2023'!O63,"1"))+(COUNTIF('2024'!O62:'2024'!O63,"1"))+(COUNTIF('2025'!O62:'2025'!O63,"1")))/8 -> 0 | K6: =((COUNTIF('2022'!O64,"1"))+(COUNTIF('2023'!O64,"1"))+(COUNTIF('2024'!O64,"1"))+(COUNTIF('2025'!O64,"1")))/4 -> 0 | L6: =((COUNTIF('2022'!O2:'2022'!O64,"1"))+(COUNTIF('2023'!O2:'2023'!O64,"1"))+(COUNTIF('2024'!O2:'2024'!O64,"1"))+(COUNTIF('2025'!O2:'2025'!O64,"1")))/252 -> 0.50396825 | M6: =(((((COUNTIF('2022'!O2:'2022'!O33,"1"))+(COUNTIF('2023'!O2:'2023'!O33,"1"))+(COUNTIF('2024'!O2:'2024'!O33,"1"))+(COUNTIF('2025'!O2:'2025'!O33,"1")))*10)+(((COUNTIF('2022'!O34:'2022'!O49,"1"))+(COUNTIF('2023'!O34:'2023'!O49,"1"))+(COUNTIF('2024'!O34:'2024'!O49,"1"))+(COUNTIF('2025'!O34:'2025'!O49,"1")))*20)+((((COUNTIF('2022'!O50:'2022'!O57,"1"))+(COUNTIF('2023'!O50:'2023'!O57,"1"))+(COUNTIF('2024'!O50:'2024'!O57,"1"))+(COUNTIF('2025'!O50:'2025'!O57,"1")))*40)+(((COUNTIF('2022'!O58:'2022'!O61,"1"))+(COUNTIF('2023'!O58:'2023'!O61,"1"))+(COUNTIF('2024'!O58:'2024'!O61,"1"))+(COUNTIF('2025'!O58:'2025'!O61,"1")))*80)+(((COUNTIF('2022'!O62:'2022'!O63,"1"))+(COUNTIF('2023'!O62:'2023'!O63,"1"))+(COUNTIF('2024'!O62:'2024'!O63,"1"))+(COUNTIF('2025'!O62:'2025'!O63,"1")))*160)+(((COUNTIF('2022'!O64,"1"))+(COUNTIF('2023'!O64,"1"))+(COUNTIF('2024'!O64,"1"))+(COUNTIF('2025'!O64,"1")))*320))))/4 -> 467.5 | N6: =M6/5447.5 -> 0.085819183
A7: NetSosAdj | B7: =(COUNTIF('2022'!Q2:'2022'!Q64,"1"))/63 -> 0.47619048 | C7: =(COUNTIF('2023'!Q2:'2023'!Q64,"1"))/63 -> 0.53968254 | D7: =(COUNTIF('2024'!Q2:'2024'!Q64,"1"))/63 -> 0.50793651 | E7: =(COUNTIF('2025'!Q2:'2025'!Q64,"1"))/63 -> 0.50793651 | F7: =((COUNTIF('2022'!Q2:'2022'!Q33,"1"))+(COUNTIF('2023'!Q2:'2023'!Q33,"1"))+(COUNTIF('2024'!Q2:'2024'!Q33,"1"))+(COUNTIF('2025'!Q2:'2025'!Q33,"1")))/128 -> 0.6875 | G7: =((COUNTIF('2022'!Q34:'2022'!Q49,"1"))+(COUNTIF('2023'!Q34:'2023'!Q49,"1"))+(COUNTIF('2024'!Q34:'2024'!Q49,"1"))+(COUNTIF('2025'!Q34:'2025'!Q49,"1")))/64 -> 0.5 | H7: =((COUNTIF('2022'!Q50:'2022'!Q57,"1"))+(COUNTIF('2023'!Q50:'2023'!Q57,"1"))+(COUNTIF('2024'!Q50:'2024'!Q57,"1"))+(COUNTIF('2025'!Q50:'2025'!Q57,"1")))/32 -> 0.1875 | I7: =((COUNTIF('2022'!Q58:'2022'!Q61,"1"))+(COUNTIF('2023'!Q58:'2023'!Q61,"1"))+(COUNTIF('2024'!Q58:'2024'!Q61,"1"))+(COUNTIF('2025'!Q58:'2025'!Q61,"1")))/16 -> 0.0625 | J7: =((COUNTIF('2022'!Q62:'2022'!Q63,"1"))+(COUNTIF('2023'!Q62:'2023'!Q63,"1"))+(COUNTIF('2024'!Q62:'2024'!Q63,"1"))+(COUNTIF('2025'!Q62:'2025'!Q63,"1")))/8 -> 0.125 | K7: =((COUNTIF('2022'!Q64,"1"))+(COUNTIF('2023'!Q64,"1"))+(COUNTIF('2024'!Q64,"1"))+(COUNTIF('2025'!Q64,"1")))/4 -> 0 | L7: =((COUNTIF('2022'!Q2:'2022'!Q64,"1"))+(COUNTIF('2023'!Q2:'2023'!Q64,"1"))+(COUNTIF('2024'!Q2:'2024'!Q64,"1"))+(COUNTIF('2025'!Q2:'2025'!Q64,"1")))/252 -> 0.50793651 | M7: =(((((COUNTIF('2022'!Q2:'2022'!Q33,"1"))+(COUNTIF('2023'!Q2:'2023'!Q33,"1"))+(COUNTIF('2024'!Q2:'2024'!Q33,"1"))+(COUNTIF('2025'!Q2:'2025'!Q33,"1")))*10)+(((COUNTIF('2022'!Q34:'2022'!Q49,"1"))+(COUNTIF('2023'!Q34:'2023'!Q49,"1"))+(COUNTIF('2024'!Q34:'2024'!Q49,"1"))+(COUNTIF('2025'!Q34:'2025'!Q49,"1")))*20)+((((COUNTIF('2022'!Q50:'2022'!Q57,"1"))+(COUNTIF('2023'!Q50:'2023'!Q57,"1"))+(COUNTIF('2024'!Q50:'2024'!Q57,"1"))+(COUNTIF('2025'!Q50:'2025'!Q57,"1")))*40)+(((COUNTIF('2022'!Q58:'2022'!Q61,"1"))+(COUNTIF('2023'!Q58:'2023'!Q61,"1"))+(COUNTIF('2024'!Q58:'2024'!Q61,"1"))+(COUNTIF('2025'!Q58:'2025'!Q61,"1")))*80)+(((COUNTIF('2022'!Q62:'2022'!Q63,"1"))+(COUNTIF('2023'!Q62:'2023'!Q63,"1"))+(COUNTIF('2024'!Q62:'2024'!Q63,"1"))+(COUNTIF('2025'!Q62:'2025'!Q63,"1")))*160)+(((COUNTIF('2022'!Q64,"1"))+(COUNTIF('2023'!Q64,"1"))+(COUNTIF('2024'!Q64,"1"))+(COUNTIF('2025'!Q64,"1")))*320))))/4 -> 500 | N7: =M7/5447.5 -> 0.091785223
A8: Wab | B8: =(COUNTIF('2022'!S2:'2022'!S64,"1"))/63 -> 0.55555556 | C8: =(COUNTIF('2023'!S2:'2023'!S64,"1"))/63 -> 0.53968254 | D8: =(COUNTIF('2024'!S2:'2024'!S64,"1"))/63 -> 0.52380952 | E8: =(COUNTIF('2025'!S2:'2025'!S64,"1"))/63 -> 0.73015873 | F8: =((COUNTIF('2022'!S2:'2022'!S33,"1"))+(COUNTIF('2023'!S2:'2023'!S33,"1"))+(COUNTIF('2024'!S2:'2024'!S33,"1"))+(COUNTIF('2025'!S2:'2025'!S33,"1")))/128 -> 0.6328125 | G8: =((COUNTIF('2022'!S34:'2022'!S49,"1"))+(COUNTIF('2023'!S34:'2023'!S49,"1"))+(COUNTIF('2024'!S34:'2024'!S49,"1"))+(COUNTIF('2025'!S34:'2025'!S49,"1")))/64 -> 0.671875 | H8: =((COUNTIF('2022'!S50:'2022'!S57,"1"))+(COUNTIF('2023'!S50:'2023'!S57,"1"))+(COUNTIF('2024'!S50:'2024'!S57,"1"))+(COUNTIF('2025'!S50:'2025'!S57,"1")))/32 -> 0.40625 | I8: =((COUNTIF('2022'!S58:'2022'!S61,"1"))+(COUNTIF('2023'!S58:'2023'!S61,"1"))+(COUNTIF('2024'!S58:'2024'!S61,"1"))+(COUNTIF('2025'!S58:'2025'!S61,"1")))/16 -> 0.375 | J8: =((COUNTIF('2022'!S62:'2022'!S63,"1"))+(COUNTIF('2023'!S62:'2023'!S63,"1"))+(COUNTIF('2024'!S62:'2024'!S63,"1"))+(COUNTIF('2025'!S62:'2025'!S63,"1")))/8 -> 0.5 | K8: =((COUNTIF('2022'!S64,"1"))+(COUNTIF('2023'!S64,"1"))+(COUNTIF('2024'!S64,"1"))+(COUNTIF('2025'!S64,"1")))/4 -> 0.25 | L8: =((COUNTIF('2022'!S2:'2022'!S64,"1"))+(COUNTIF('2023'!S2:'2023'!S64,"1"))+(COUNTIF('2024'!S2:'2024'!S64,"1"))+(COUNTIF('2025'!S2:'2025'!S64,"1")))/252 -> 0.58730159 | M8: =(((((COUNTIF('2022'!S2:'2022'!S33,"1"))+(COUNTIF('2023'!S2:'2023'!S33,"1"))+(COUNTIF('2024'!S2:'2024'!S33,"1"))+(COUNTIF('2025'!S2:'2025'!S33,"1")))*10)+(((COUNTIF('2022'!S34:'2022'!S49,"1"))+(COUNTIF('2023'!S34:'2023'!S49,"1"))+(COUNTIF('2024'!S34:'2024'!S49,"1"))+(COUNTIF('2025'!S34:'2025'!S49,"1")))*20)+((((COUNTIF('2022'!S50:'2022'!S57,"1"))+(COUNTIF('2023'!S50:'2023'!S57,"1"))+(COUNTIF('2024'!S50:'2024'!S57,"1"))+(COUNTIF('2025'!S50:'2025'!S57,"1")))*40)+(((COUNTIF('2022'!S58:'2022'!S61,"1"))+(COUNTIF('2023'!S58:'2023'!S61,"1"))+(COUNTIF('2024'!S58:'2024'!S61,"1"))+(COUNTIF('2025'!S58:'2025'!S61,"1")))*80)+(((COUNTIF('2022'!S62:'2022'!S63,"1"))+(COUNTIF('2023'!S62:'2023'!S63,"1"))+(COUNTIF('2024'!S62:'2024'!S63,"1"))+(COUNTIF('2025'!S62:'2025'!S63,"1")))*160)+(((COUNTIF('2022'!S64,"1"))+(COUNTIF('2023'!S64,"1"))+(COUNTIF('2024'!S64,"1"))+(COUNTIF('2025'!S64,"1")))*320))))/4 -> 907.5 | N8: =M8/5447.5 -> 0.16659018
A9: WabAdj | B9: =(COUNTIF('2022'!U2:'2022'!U64,"1"))/63 -> 0.44444444 | C9: =(COUNTIF('2023'!U2:'2023'!U64,"1"))/63 -> 0.49206349 | D9: =(COUNTIF('2024'!U2:'2024'!U64,"1"))/63 -> 0.47619048 | E9: =(COUNTIF('2025'!U2:'2025'!U64,"1"))/63 -> 0.73015873 | F9: =((COUNTIF('2022'!U2:'2022'!U33,"1"))+(COUNTIF('2023'!U2:'2023'!U33,"1"))+(COUNTIF('2024'!U2:'2024'!U33,"1"))+(COUNTIF('2025'!U2:'2025'!U33,"1")))/128 -> 0.65625 | G9: =((COUNTIF('2022'!U34:'2022'!U49,"1"))+(COUNTIF('2023'!U34:'2023'!U49,"1"))+(COUNTIF('2024'!U34:'2024'!U49,"1"))+(COUNTIF('2025'!U34:'2025'!U49,"1")))/64 -> 0.546875 | H9: =((COUNTIF('2022'!U50:'2022'!U57,"1"))+(COUNTIF('2023'!U50:'2023'!U57,"1"))+(COUNTIF('2024'!U50:'2024'!U57,"1"))+(COUNTIF('2025'!U50:'2025'!U57,"1")))/32 -> 0.3125 | I9: =((COUNTIF('2022'!U58:'2022'!U61,"1"))+(COUNTIF('2023'!U58:'2023'!U61,"1"))+(COUNTIF('2024'!U58:'2024'!U61,"1"))+(COUNTIF('2025'!U58:'2025'!U61,"1")))/16 -> 0.3125 | J9: =((COUNTIF('2022'!U62:'2022'!U63,"1"))+(COUNTIF('2023'!U62:'2023'!U63,"1"))+(COUNTIF('2024'!U62:'2024'!U63,"1"))+(COUNTIF('2025'!U62:'2025'!U63,"1")))/8 -> 0.125 | K9: =((COUNTIF('2022'!U64,"1"))+(COUNTIF('2023'!U64,"1"))+(COUNTIF('2024'!U64,"1"))+(COUNTIF('2025'!U64,"1")))/4 -> 0 | L9: =((COUNTIF('2022'!U2:'2022'!U64,"1"))+(COUNTIF('2023'!U2:'2023'!U64,"1"))+(COUNTIF('2024'!U2:'2024'!U64,"1"))+(COUNTIF('2025'!U2:'2025'!U64,"1")))/252 -> 0.53571429 | M9: =(((((COUNTIF('2022'!U2:'2022'!U33,"1"))+(COUNTIF('2023'!U2:'2023'!U33,"1"))+(COUNTIF('2024'!U2:'2024'!U33,"1"))+(COUNTIF('2025'!U2:'2025'!U33,"1")))*10)+(((COUNTIF('2022'!U34:'2022'!U49,"1"))+(COUNTIF('2023'!U34:'2023'!U49,"1"))+(COUNTIF('2024'!U34:'2024'!U49,"1"))+(COUNTIF('2025'!U34:'2025'!U49,"1")))*20)+((((COUNTIF('2022'!U50:'2022'!U57,"1"))+(COUNTIF('2023'!U50:'2023'!U57,"1"))+(COUNTIF('2024'!U50:'2024'!U57,"1"))+(COUNTIF('2025'!U50:'2025'!U57,"1")))*40)+(((COUNTIF('2022'!U58:'2022'!U61,"1"))+(COUNTIF('2023'!U58:'2023'!U61,"1"))+(COUNTIF('2024'!U58:'2024'!U61,"1"))+(COUNTIF('2025'!U58:'2025'!U61,"1")))*80)+(((COUNTIF('2022'!U62:'2022'!U63,"1"))+(COUNTIF('2023'!U62:'2023'!U63,"1"))+(COUNTIF('2024'!U62:'2024'!U63,"1"))+(COUNTIF('2025'!U62:'2025'!U63,"1")))*160)+(((COUNTIF('2022'!U64,"1"))+(COUNTIF('2023'!U64,"1"))+(COUNTIF('2024'!U64,"1"))+(COUNTIF('2025'!U64,"1")))*320))))/4 -> 625 | N9: =M9/5447.5 -> 0.11473153
A10: Averages | B10: =average(B2:B9) -> 0.4781746 | C10: =average(C2:C9) -> 0.52579365 | D10: =average(D2:D9) -> 0.52380952 | E10: =average(E2:E9) -> 0.65079365 | F10: =average(F2:F9) -> 0.67773438 | G10: =average(G2:G9) -> 0.546875 | H10: =average(H2:H9) -> 0.3125 | I10: =average(I2:I9) -> 0.2421875 | ... K10: =average(K2:K9) -> 0.0625 | L10: =AVERAGE(L2:L9) -> 0.54464286

Sheet Wab2024
A1: Rk | B1: Team | C1: NetRtg | D1: ORtg | E1: DRtg | F1: AvgWin | G1: BubbleWin | H1: Wins | I1: Wab
A2: 3 | B2: Purdue 1 | C2: =+30.62 -> 30.62 | D2: 125.2 | E2: 94.6 | F2: =D2^10/(D2^10+E2^10) -> 0.94281346 | G2: =(0.8267556358-0.8267556358*F2)/(0.8267556358+F2-2*0.8267556358*F2) -> 0.22448059 | H2: 29 | I2: 10.584933
A3: 1 | B3: Connecticut 1 | C3: =+36.43 -> 36.43 | D3: 127.5 | E3: 91.1 | F3: =D3^10/(D3^10+E3^10) -> 0.96648218 | G3: =(0.8267556358-0.8267556358*F3)/(0.8267556358+F3-2*0.8267556358*F3) -> 0.1419997 | H3: 31 | I3: 10.383272
A4: 2 | B4: Houston 1 | C4: =+31.17 -> 31.17 | D4: 118.9 | E4: 87.7 | F4: =D4^10/(D4^10+E4^10) -> 0.95450581 | G4: =(0.8267556358-0.8267556358*F4)/(0.8267556358+F4-2*0.8267556358*F4) -> 0.18530616 | H4: 30 | I4: 9.7900153
A5: 9 | B5: North Carolina 1 | C5: =+26.19 -> 26.19 | D5: 119.7 | E5: 93.5 | F5: =D5^10/(D5^10+E5^10) -> 0.9220313 | G5: =(0.8267556358-0.8267556358*F5)/(0.8267556358+F5-2*0.8267556358*F5) -> 0.28751871 | H5: 27 | I5: 6.83448
A6: 8 | B6: Iowa St. 2 | C6: =+26.47 -> 26.47 | D6: 113.9 | E6: 87.5 | F6: =D6^10/(D6^10+E6^10) -> 0.93319403 | G6: =(0.8267556358-0.8267556358*F6)/(0.8267556358+F6-2*0.8267556358*F6) -> 0.25464035 | H6: 27 | I6: 6.1957592
A7: 13 | B7: Marquette 2 | C7: =+23.02 -> 23.02 | D7: 118.2 | E7: 95.2 | F7: =D7^10/(D7^10+E7^10) -> 0.8969681 | G7: =(0.8267556358-0.8267556358*F7)/(0.8267556358+F7-2*0.8267556358*F7) -> 0.35407479 | H7: 25 | I7: 6.0697749
A8: 10 | B8: IlliNois 3 | C8: =+24.53 -> 24.53 | D8: 125.5 | E8: 101 | F8: =D8^10/(D8^10+E8^10) -> 0.89769322 | G8: =(0.8267556358-0.8267556358*F8)/(0.8267556358+F8-2*0.8267556358*F8) -> 0.35227677 | H8: 26 | I8: 5.4836073
A9: 22 | B9: San Diego St. 5 | C9: =+19.36 -> 19.36 | D9: 113.4 | E9: 94 | F9: =D9^10/(D9^10+E9^10) -> 0.86718165 | G9: =(0.8267556358-0.8267556358*F9)/(0.8267556358+F9-2*0.8267556358*F9) -> 0.42227041 | H9: 22 | I9: =1-G349+5.41620579969999 -> 5.4472733
A10: 5 | B10: Tennessee 2 | C10: =+26.61 -> 26.61 | D10: 116.8 | E10: 90.2 | F10: =D10^10/(D10^10+E10^10) -> 0.92984667 | G10: =(0.8267556358-0.8267556358*F10)/(0.8267556358+F10-2*0.8267556358*F10) -> 0.26472941 | H10: 24 | I10: 5.257271
A11: 4 | B11: Auburn 4 | C11: =+27.99 -> 27.99 | D11: 120.4 | E11: 92.4 | F11: =D11^10/(D11^10+E11^10) -> 0.93382124 | G11: =(0.8267556358-0.8267556358*F11)/(0.8267556358+F11-2*0.8267556358*F11) -> 0.25272723 | H11: 27 | I11: 5.1925005
A12: 6 | B12: Arizona 2 | C12: =+26.55 -> 26.55 | D12: 120.2 | E12: 93.7 | F12: =D12^10/(D12^10+E12^10) -> 0.92347939 | G12: =(0.8267556358-0.8267556358*F12)/(0.8267556358+F12-2*0.8267556358*F12) -> 0.28337486 | H12: 25 | I12: 4.7018639
A13: 54 | B13: South Carolina 6 | C13: =+14.4 -> 14.4 | D13: 114.9 | E13: 100.5 | F13: =D13^10/(D13^10+E13^10) -> 0.79233278 | G13: =(0.8267556358-0.8267556358*F13)/(0.8267556358+F13-2*0.8267556358*F13) -> 0.55570813 | H13: 26 | I13: 4.3846544
A14: 15 | B14: Baylor 3 | C14: =+21.9 -> 21.9 | D14: 122.4 | E14: 100.5 | F14: =D14^10/(D14^10+E14^10) -> 0.87775781 | G14: =(0.8267556358-0.8267556358*F14)/(0.8267556358+F14-2*0.8267556358*F14) -> 0.39925737 | H14: 22 | I14: =1-G361+4.2773538828 -> 4.2951515
A15: 11 | B15: Creighton 3 | C15: =+24.22 -> 24.22 | D15: 120.9 | E15: 96.7 | F15: =D15^10/(D15^10+E15^10) -> 0.90321806 | G15: =(0.8267556358-0.8267556358*F15)/(0.8267556358+F15-2*0.8267556358*F15) -> 0.33834068 | H15: 23 | I15: 3.8443723
A16: 27 | B16: Kansas 4 | C16: =+17.94 -> 17.94 | D16: 113.5 | E16: 95.6 | F16: =D16^10/(D16^10+E16^10) -> 0.84765166 | G16: =(0.8267556358-0.8267556358*F16)/(0.8267556358+F16-2*0.8267556358*F16) -> 0.46170164 | H16: 21 | I16: =1-G351+3.67734548069999 -> 3.7057763
A17: 7 | B17: Duke 4 | C17: =+26.47 -> 26.47 | D17: 121.6 | E17: 95.2 | F17: =D17^10/(D17^10+E17^10) -> 0.92038359 | G17: =(0.8267556358-0.8267556358*F17)/(0.8267556358+F17-2*0.8267556358*F17) -> 0.29219149 | H17: 24 | I17: 3.6216239
A18: 51 | B18: Utah St. 8 | C18: =+14.89 -> 14.89 | D18: 116 | E18: 101.1 | F18: =D18^10/(D18^10+E18^10) -> 0.79815466 | G18: =(0.8267556358-0.8267556358*F18)/(0.8267556358+F18-2*0.8267556358*F18) -> 0.5468634 | H18: 25 | I18: =2*(1-G329)+3.2016820636 -> 3.2882785
A19: 14 | B19: Alabama 4 | C19: =+22.96 -> 22.96 | D19: 126 | E19: 103 | F19: =D19^10/(D19^10+E19^10) -> 0.88241793 | G19: =(0.8267556358-0.8267556358*F19)/(0.8267556358+F19-2*0.8267556358*F19) -> 0.38871351 | H19: 21 | I19: 3.1266432
A20: 31 | B20: Texas Tech 6 | C20: =+17.32 -> 17.32 | D20: 117.4 | E20: 100.1 | F20: =D20^10/(D20^10+E20^10) -> 0.83120229 | G20: =(0.8267556358-0.8267556358*F20)/(0.8267556358+F20-2*0.8267556358*F20) -> 0.49215911 | H20: 23 | I20: 2.7929259
A21: 23 | B21: Kentucky 3 | C21: =+19.29 -> 19.29 | D21: 122.2 | E21: 102.9 | F21: =D21^10/(D21^10+E21^10) -> 0.84800179 | G21: =(0.8267556358-0.8267556358*F21)/(0.8267556358+F21-2*0.8267556358*F21) -> 0.46102722 | H21: 23 | I21: 2.7736794
A22: 21 | B22: St. John's | C22: =+19.41 -> 19.41 | D22: 119 | E22: 99.6 | F22: =D22^10/(D22^10+E22^10) -> 0.85564911 | G22: =(0.8267556358-0.8267556358*F22)/(0.8267556358+F22-2*0.8267556358*F22) -> 0.44600952
A23: 17 | B23: Wisconsin 5 | C23: =+20.06 -> 20.06 | D23: 119.2 | E23: 99.2 | F23: =D23^10/(D23^10+E23^10) -> 0.86255172 | G23: =(0.8267556358-0.8267556358*F23)/(0.8267556358+F23-2*0.8267556358*F23) -> 0.4319643 | H23: 22 | I23: 2.6024959
A24: 40 | B24: Nevada 1No | C24: =+16.41 -> 16.41 | D24: 115 | E24: 98.6 | F24: =D24^10/(D24^10+E24^10) -> 0.82326238 | G24: =(0.8267556358-0.8267556358*F24)/(0.8267556358+F24-2*0.8267556358*F24) -> 0.50604905 | H24: 25 | I24: =1-G346+2.5248977506 -> 2.5584643
A25: 18 | B25: BYU 6 | C25: =+19.96 -> 19.96 | D25: 119.8 | E25: 99.9 | F25: =D25^10/(D25^10+E25^10) -> 0.86015044 | G25: =(0.8267556358-0.8267556358*F25)/(0.8267556358+F25-2*0.8267556358*F25) -> 0.43690466 | H25: 23 | I25: 2.3670074
A26: 26 | B26: Florida 7 | C26: =+18.19 -> 18.19 | D26: 120 | E26: 101.8 | F26: =D26^10/(D26^10+E26^10) -> 0.83818924 | G26: =(0.8267556358-0.8267556358*F26)/(0.8267556358+F26-2*0.8267556358*F26) -> 0.4795089 | H26: 24 | I26: 2.3033396
A27: 52 | B27: Grand Canyon 12 | C27: =+14.84 -> 14.84 | D27: 112.9 | E27: 98.1 | F27: =D27^10/(D27^10+E27^10) -> 0.80300001 | G27: =(0.8267556358-0.8267556358*F27)/(0.8267556358+F27-2*0.8267556358*F27) -> 0.53933232 | H27: 28 | I27: =1-G337 +2.1613539397 -> 2.1987755
A28: 12 | B28: Gonzaga 5 | C28: =+23.17 -> 23.17 | D28: 122.6 | E28: 99.4 | F28: =D28^10/(D28^10+E28^10) -> 0.89068421 | G28: =(0.8267556358-0.8267556358*F28)/(0.8267556358+F28-2*0.8267556358*F28) -> 0.36936474 | H28: 24 | I28: =1-G378 +2.09702988709999 -> 3.0970299
A29: 28 | B29: Wake Forest | C29: =+17.89 -> 17.89 | D29: 117.7 | E29: 99.8 | F29: =D29^10/(D29^10+E29^10) -> 0.83885162 | G29: =(0.8267556358-0.8267556358*F29)/(0.8267556358+F29-2*0.8267556358*F29) -> 0.4782881
A30: 32 | B30: Dayton 7 | C30: =+17.3 -> 17.3 | D30: 117.7 | E30: 100.4 | F30: =D30^10/(D30^10+E30^10) -> 0.83058347 | G30: =(0.8267556358-0.8267556358*F30)/(0.8267556358+F30-2*0.8267556358*F30) -> 0.49325991 | H30: 24 | I30: 2.0253715
A31: 20 | B31: Saint Mary's 5 | C31: =+19.43 -> 19.43 | D31: 114.5 | E31: 95 | F31: =D31^10/(D31^10+E31^10) -> 0.86610837 | G31: =(0.8267556358-0.8267556358*F31)/(0.8267556358+F31-2*0.8267556358*F31) -> 0.42453762 | H31: 25 | I31: =1-G373+1.9395640184 -> 2.939564
A32: 30 | B32: Nebraska 8 | C32: =+17.55 -> 17.55 | D32: 116.2 | E32: 98.7 | F32: =D32^10/(D32^10+E32^10) -> 0.8364816 | G32: =(0.8267556358-0.8267556358*F32)/(0.8267556358+F32-2*0.8267556358*F32) -> 0.48263875 | H32: 23 | I32: 1.9140927
A33: 29 | B33: New Mexico 11 | C33: =+17.8 -> 17.8 | D33: 114.4 | E33: 96.6 | F33: =D33^10/(D33^10+E33^10) -> 0.84438498 | G33: =(0.8267556358-0.8267556358*F33)/(0.8267556358+F33-2*0.8267556358*F33) -> 0.46793972 | H33: 25 | I33: =1-G366+1.8118502865 -> 2.8118503
A34: 33 | B34: Pittsburgh | C34: =+17.18 -> 17.18 | D34: 116.5 | E34: 99.3 | F34: =D34^10/(D34^10+E34^10) -> 0.83166267 | G34: =(0.8267556358-0.8267556358*F34)/(0.8267556358+F34-2*0.8267556358*F34) -> 0.49133813
A35: 42 | B35: Washington St. 7 | C35: =+16.33 -> 16.33 | D35: 113.2 | E35: 96.9 | F35: =D35^10/(D35^10+E35^10) -> 0.82560109 | G35: =(0.8267556358-0.8267556358*F35)/(0.8267556358+F35-2*0.8267556358*F35) -> 0.50200989 | H35: 24 | I35: 1.7466381
A36: 63 | B36: James Madison 12 | C36: =+12.42 -> 12.42 | D36: 113 | E36: 100.6 | F36: =D36^10/(D36^10+E36^10) -> 0.76176048 | G36: =(0.8267556358-0.8267556358*F36)/(0.8267556358+F36-2*0.8267556358*F36) -> 0.59879588 | H36: 30 | I36: =1-G335+1.7173483051 -> 1.75828
A37: 53 | B37: Drake 1No | C37: =+14.53 -> 14.53 | D37: 115.1 | E37: 100.5 | F37: =D37^10/(D37^10+E37^10) -> 0.79517982 | G37: =(0.8267556358-0.8267556358*F37)/(0.8267556358+F37-2*0.8267556358*F37) -> 0.55141022 | H37: 27 | I37: 1.6673008
A38: 37 | B38: VillaNova | C38: =+16.78 -> 16.78 | D38: 111.4 | E38: 94.6 | F38: =D38^10/(D38^10+E38^10) -> 0.83681227 | G38: =(0.8267556358-0.8267556358*F38)/(0.8267556358+F38-2*0.8267556358*F38) -> 0.48203462
A39: 38 | B39: Indiana St. | C39: =+16.69 -> 16.69 | D39: 119.9 | E39: 103.2 | F39: =D39^10/(D39^10+E39^10) -> 0.81755838 | G39: =(0.8267556358-0.8267556358*F39)/(0.8267556358+F39-2*0.8267556358*F39) -> 0.51572331
A40: 39 | B40: Cincinnati | C40: =+16.47 -> 16.47 | D40: 112 | E40: 95.5 | F40: =D40^10/(D40^10+E40^10) -> 0.83113971 | G40: =(0.8267556358-0.8267556358*F40)/(0.8267556358+F40-2*0.8267556358*F40) -> 0.49227057
A41: 24 | B41: Colorado 1No | C41: =+19.03 -> 19.03 | D41: 118.4 | E41: 99.3 | F41: =D41^10/(D41^10+E41^10) -> 0.85311339 | G41: =(0.8267556358-0.8267556358*F41)/(0.8267556358+F41-2*0.8267556358*F41) -> 0.45105092 | H41: 24 | I41: 1.480303
A42: 36 | B42: Colorado St. 1No | C42: =+17.02 -> 17.02 | D42: 114 | E42: 97 | F42: =D42^10/(D42^10+E42^10) -> 0.83408707 | G42: =(0.8267556358-0.8267556358*F42)/(0.8267556358+F42-2*0.8267556358*F42) -> 0.48698578 | H42: 22 | I42: 1.3003095
A43: 47 | B43: Florida Atlantic 8 | C43: =+15.74 -> 15.74 | D43: 117.8 | E43: 102.1 | F43: =D43^10/(D43^10+E43^10) -> 0.80695669 | G43: =(0.8267556358-0.8267556358*F43)/(0.8267556358+F43-2*0.8267556358*F43) -> 0.53306433 | H43: 25 | I43: 1.1577908
A44: 55 | B44: Oregon 11 | C44: =+14.19 -> 14.19 | D44: 114.7 | E44: 100.5 | F44: =D44^10/(D44^10+E44^10) -> 0.7894516 | G44: =(0.8267556358-0.8267556358*F44)/(0.8267556358+F44-2*0.8267556358*F44) -> 0.56000518 | H44: 23 | I44: 1.1076301
A45: 44 | B45: Boise St. 1No | C45: =+15.97 -> 15.97 | D45: 113.4 | E45: 97.4 | F45: =D45^10/(D45^10+E45^10) -> 0.8206786 | G45: =(0.8267556358-0.8267556358*F45)/(0.8267556358+F45-2*0.8267556358*F45) -> 0.51046204
A46: 41 | B46: Northwestern 9 | C46: =+16.41 -> 16.41 | D46: 115.9 | E46: 99.5 | F46: =D46^10/(D46^10+E46^10) -> 0.82137646 | G46: =(0.8267556358-0.8267556358*F46)/(0.8267556358+F46-2*0.8267556358*F46) -> 0.50927519 | H46: 21 | I46: 1.099564
A47: 46 | B47: Oklahoma | C47: =+15.77 -> 15.77 | D47: 114.1 | E47: 98.4 | F47: =D47^10/(D47^10+E47^10) -> 0.81462461 | G47: =(0.8267556358-0.8267556358*F47)/(0.8267556358+F47-2*0.8267556358*F47) -> 0.52060371
A48: 19 | B48: Clemson 6 | C48: =+19.44 -> 19.44 | D48: 117.7 | E48: 98.3 | F48: =D48^10/(D48^10+E48^10) -> 0.85828885 | G48: =(0.8267556358-0.8267556358*F48)/(0.8267556358+F48-2*0.8267556358*F48) -> 0.44069453 | H48: 21 | I48: 1.0283008
A49: 48 | B49: Utah | C49: =+15.41 -> 15.41 | D49: 114.6 | E49: 99.2 | F49: =D49^10/(D49^10+E49^10) -> 0.80893392 | G49: =(0.8267556358-0.8267556358*F49)/(0.8267556358+F49-2*0.8267556358*F49) -> 0.52989135
A50: 49 | B50: Ohio St. | C50: =+15.19 -> 15.19 | D50: 115.2 | E50: 100 | F50: =D50^10/(D50^10+E50^10) -> 0.80455269 | G50: =(0.8267556358-0.8267556358*F50)/(0.8267556358+F50-2*0.8267556358*F50) -> 0.53688548
A51: 50 | B51: Seton Hall | C51: =+15.03 -> 15.03 | D51: 113.1 | E51: 98.1 | F51: =D51^10/(D51^10+E51^10) -> 0.80578484 | G51: =(0.8267556358-0.8267556358*F51)/(0.8267556358+F51-2*0.8267556358*F51) -> 0.53493197
A52: 25 | B52: Texas 7 | C52: =+18.77 -> 18.77 | D52: 116.5 | E52: 97.7 | F52: =D52^10/(D52^10+E52^10) -> 0.85319678 | G52: =(0.8267556358-0.8267556358*F52)/(0.8267556358+F52-2*0.8267556358*F52) -> 0.45088611 | H52: 20 | I52: 0.61913898
A53: 67 | B53: McNeese St. 12 | C53: =+11.8 -> 11.8 | D53: 113.4 | E53: 101.5 | F53: =D53^10/(D53^10+E53^10) -> 0.75187285 | G53: =(0.8267556358-0.8267556358*F53)/(0.8267556358+F53-2*0.8267556358*F53) -> 0.61163264 | H53: 26 | I53: =4*(1-G348)+0.5240487493 -> 0.63615216
A54: 43 | B54: TCU 9 | C54: =+16.04 -> 16.04 | D54: 114.7 | E54: 98.7 | F54: =D54^10/(D54^10+E54^10) -> 0.81792482 | G54: =(0.8267556358-0.8267556358*F54)/(0.8267556358+F54-2*0.8267556358*F54) -> 0.51510922 | H54: 21 | I54: 0.46333467
A55: 81 | B55: Samford 13 | C55: =+10.03 -> 10.03 | D55: 113.6 | E55: 103.6 | F55: =D55^10/(D55^10+E55^10) -> 0.71533986 | G55: =(0.8267556358-0.8267556358*F55)/(0.8267556358+F55-2*0.8267556358*F55) -> 0.65505728 | H55: 27 | I55: =2*(1-G336)+0.4238965392 -> 0.50451501
A56: 34 | B56: Mississippi St. 8 | C56: =+17.07 -> 17.07 | D56: 113 | E56: 95.9 | F56: =D56^10/(D56^10+E56^10) -> 0.83764626 | G56: =(0.8267556358-0.8267556358*F56)/(0.8267556358+F56-2*0.8267556358*F56) -> 0.48050681 | H56: 21 | I56: 0.21853291
A57: 56 | B57: Xavier | C57: =+14.17 -> 14.17 | D57: 113.2 | E57: 99 | F57: =D57^10/(D57^10+E57^10) -> 0.79254966 | G57: =(0.8267556358-0.8267556358*F57)/(0.8267556358+F57-2*0.8267556358*F57) -> 0.55538255
A58: 57 | B58: Iowa | C58: =+14.15 -> 14.15 | D58: 119.6 | E58: 105.4 | F58: =D58^10/(D58^10+E58^10) -> 0.77969709 | G58: =(0.8267556358-0.8267556358*F58)/(0.8267556358+F58-2*0.8267556358*F58) -> 0.57417457
A59: 58 | B59: Virginia Tech | C59: =+14.08 -> 14.08 | D59: 115.8 | E59: 101.7 | F59: =D59^10/(D59^10+E59^10) -> 0.78556097 | G59: =(0.8267556358-0.8267556358*F59)/(0.8267556358+F59-2*0.8267556358*F59) -> 0.56572582
A60: 59 | B60: Providence | C60: =+13.7 -> 13.7 | D60: 109.1 | E60: 95.4 | F60: =D60^10/(D60^10+E60^10) -> 0.79279617 | G60: =(0.8267556358-0.8267556358*F60)/(0.8267556358+F60-2*0.8267556358*F60) -> 0.55501212
A61: 60 | B61: Washington | C61: =+12.95 -> 12.95 | D61: 115.3 | E61: 102.3 | F61: =D61^10/(D61^10+E61^10) -> 0.76786192 | G61: =(0.8267556358-0.8267556358*F61)/(0.8267556358+F61-2*0.8267556358*F61) -> 0.59061988
A62: 61 | B62: Butler | C62: =+12.6 -> 12.6 | D62: 113.2 | E62: 100.6 | F62: =D62^10/(D62^10+E62^10) -> 0.76495483 | G62: =(0.8267556358-0.8267556358*F62)/(0.8267556358+F62-2*0.8267556358*F62) -> 0.59454029
A63: 62 | B63: Maryland | C63: =+12.51 -> 12.51 | D63: 107.3 | E63: 94.7 | F63: =D63^10/(D63^10+E63^10) -> 0.77715208 | G63: =(0.8267556358-0.8267556358*F63)/(0.8267556358+F63-2*0.8267556358*F63) -> 0.57777827
A64: 16 | B64: Michigan St. 9 | C64: =+20.58 -> 20.58 | D64: 114.3 | E64: 93.7 | F64: =D64^10/(D64^10+E64^10) -> 0.87945548 | G64: =(0.8267556358-0.8267556358*F64)/(0.8267556358+F64-2*0.8267556358*F64) -> 0.39544576 | H64: 19 | I64: 0.012344737
A65: 64 | B65: Bradley | C65: =+12.18 -> 12.18 | D65: 112.1 | E65: 100 | F65: =D65^10/(D65^10+E65^10) -> 0.75808543 | G65: =(0.8267556358-0.8267556358*F65)/(0.8267556358+F65-2*0.8267556358*F65) -> 0.60362553
A66: 65 | B66: San Francisco | C66: =+12.05 -> 12.05 | D66: 110.5 | E66: 98.4 | F66: =D66^10/(D66^10+E66^10) -> 0.76128677 | G66: =(0.8267556358-0.8267556358*F66)/(0.8267556358+F66-2*0.8267556358*F66) -> 0.59942237
A67: 66 | B67: UCF | C67: =+11.83 -> 11.83 | D67: 107.5 | E67: 95.6 | F67: =D67^10/(D67^10+E67^10) -> 0.76371938 | G67: =(0.8267556358-0.8267556358*F67)/(0.8267556358+F67-2*0.8267556358*F67) -> 0.59619261
A68: 45 | B68: N.C. State 11 | C68: =+15.9 -> 15.9 | D68: 114.3 | E68: 98.4 | F68: =D68^10/(D68^10+E68^10) -> 0.81725474 | G68: =(0.8267556358-0.8267556358*F68)/(0.8267556358+F68-2*0.8267556358*F68) -> 0.51623139 | H68: 22 | I68: -0.51714868
A69: 68 | B69: Virginia 1No | C69: =+11.8 -> 11.8 | D69: 105.1 | E69: 93.3 | F69: =D69^10/(D69^10+E69^10) -> 0.76690587 | G69: =(0.8267556358-0.8267556358*F69)/(0.8267556358+F69-2*0.8267556358*F69) -> 0.59191423
A70: 69 | B70: Princeton | C70: =+11.58 -> 11.58 | D70: 116.7 | E70: 105.1 | F70: =D70^10/(D70^10+E70^10) -> 0.74018737 | G70: =(0.8267556358-0.8267556358*F70)/(0.8267556358+F70-2*0.8267556358*F70) -> 0.62617999
A71: 70 | B71: Kansas St. | C71: =+11.52 -> 11.52 | D71: 108.3 | E71: 96.8 | F71: =D71^10/(D71^10+E71^10) -> 0.75446726 | G71: =(0.8267556358-0.8267556358*F71)/(0.8267556358+F71-2*0.8267556358*F71) -> 0.60831251
A72: 71 | B72: Boston College | C72: =+11.44 -> 11.44 | D72: 113.9 | E72: 102.4 | F72: =D72^10/(D72^10+E72^10) -> 0.74351935 | G72: =(0.8267556358-0.8267556358*F72)/(0.8267556358+F72-2*0.8267556358*F72) -> 0.62209841
A73: 72 | B73: SMU | C73: =+11.13 -> 11.13 | D73: 111.9 | E73: 100.8 | F73: =D73^10/(D73^10+E73^10) -> 0.73975058 | G73: =(0.8267556358-0.8267556358*F73)/(0.8267556358+F73-2*0.8267556358*F73) -> 0.6267112
A74: 73 | B74: UNLV | C74: =+10.86 -> 10.86 | D74: 113 | E74: 102.2 | F74: =D74^10/(D74^10+E74^10) -> 0.73195446 | G74: =(0.8267556358-0.8267556358*F74)/(0.8267556358+F74-2*0.8267556358*F74) -> 0.63604629
A75: 74 | B75: North Texas | C75: =+10.83 -> 10.83 | D75: 110.3 | E75: 99.4 | F75: =D75^10/(D75^10+E75^10) -> 0.73894997 | G75: =(0.8267556358-0.8267556358*F75)/(0.8267556358+F75-2*0.8267556358*F75) -> 0.62768261
A76: 75 | B76: VCU | C76: =+10.69 -> 10.69 | D76: 109.2 | E76: 98.5 | F76: =D76^10/(D76^10+E76^10) -> 0.73715722 | G76: =(0.8267556358-0.8267556358*F76)/(0.8267556358+F76-2*0.8267556358*F76) -> 0.6298471
A77: 76 | B77: Memphis | C77: =+10.59 -> 10.59 | D77: 113.2 | E77: 102.6 | F77: =D77^10/(D77^10+E77^10) -> 0.7277392 | G77: =(0.8267556358-0.8267556358*F77)/(0.8267556358+F77-2*0.8267556358*F77) -> 0.64098082
A78: 77 | B78: Penn St. | C78: =+10.49 -> 10.49 | D78: 111.5 | E78: 101.1 | F78: =D78^10/(D78^10+E78^10) -> 0.72693846 | G78: =(0.8267556358-0.8267556358*F78)/(0.8267556358+F78-2*0.8267556358*F78) -> 0.64190946
A79: 78 | B79: Minnesota | C79: =+10.39 -> 10.39 | D79: 113.6 | E79: 103.2 | F79: =D79^10/(D79^10+E79^10) -> 0.72315114 | G79: =(0.8267556358-0.8267556358*F79)/(0.8267556358+F79-2*0.8267556358*F79) -> 0.64626453
A80: 79 | B80: Florida St. | C80: =+10.29 -> 10.29 | D80: 110.9 | E80: 100.6 | F80: =D80^10/(D80^10+E80^10) -> 0.72606852 | G80: =(0.8267556358-0.8267556358*F80)/(0.8267556358+F80-2*0.8267556358*F80) -> 0.64291523
A81: 80 | B81: Syracuse | C81: =+10.26 -> 10.26 | D81: 111.7 | E81: 101.4 | F81: =D81^10/(D81^10+E81^10) -> 0.72460817 | G81: =(0.8267556358-0.8267556358*F81)/(0.8267556358+F81-2*0.8267556358*F81) -> 0.6445963
A82: 35 | B82: Texas A&M 9 | C82: =+17.02 -> 17.02 | D82: 117.5 | E82: 100.5 | F82: =D82^10/(D82^10+E82^10) -> 0.82675564 | G82: =(0.8267556358-0.8267556358*F82)/(0.8267556358+F82-2*0.8267556358*F82) -> 0.5 | H82: 20 | I82: -0.79298299
A83: 82 | B83: UC Irvine | C83: =+9.97 -> 9.97 | D83: 109.5 | E83: 99.6 | F83: =D83^10/(D83^10+E83^10) -> 0.72063706 | G83: =(0.8267556358-0.8267556358*F83)/(0.8267556358+F83-2*0.8267556358*F83) -> 0.64912203
A84: 83 | B84: Appalachian St. | C84: =+9.88 -> 9.88 | D84: 108.4 | E84: 98.6 | F84: =D84^10/(D84^10+E84^10) -> 0.72062588 | G84: =(0.8267556358-0.8267556358*F84)/(0.8267556358+F84-2*0.8267556358*F84) -> 0.64913468
A85: 84 | B85: Georgia | C85: =+9.82 -> 9.82 | D85: 109.4 | E85: 99.6 | F85: =D85^10/(D85^10+E85^10) -> 0.71879399 | G85: =(0.8267556358-0.8267556358*F85)/(0.8267556358+F85-2*0.8267556358*F85) -> 0.65120016
A86: 85 | B86: USC | C86: =+9.63 -> 9.63 | D86: 110.5 | E86: 100.8 | F86: =D86^10/(D86^10+E86^10) -> 0.71479176 | G86: =(0.8267556358-0.8267556358*F86)/(0.8267556358+F86-2*0.8267556358*F86) -> 0.65566487
A87: 86 | B87: Mississippi | C87: =+9.36 -> 9.36 | D87: 113.9 | E87: 104.5 | F87: =D87^10/(D87^10+E87^10) -> 0.70294012 | G87: =(0.8267556358-0.8267556358*F87)/(0.8267556358+F87-2*0.8267556358*F87) -> 0.66851318
A88: 87 | B88: South Florida | C88: =+9.26 -> 9.26 | D88: 111 | E88: 101.7 | F88: =D88^10/(D88^10+E88^10) -> 0.70579105 | G88: =(0.8267556358-0.8267556358*F88)/(0.8267556358+F88-2*0.8267556358*F88) -> 0.66547224
A89: 104 | B89: Vermont 13 | C89: =+6.61 -> 6.61 | D89: 106.5 | E89: 99.9 | F89: =D89^10/(D89^10+E89^10) -> 0.65469762 | G89: =(0.8267556358-0.8267556358*F89)/(0.8267556358+F89-2*0.8267556358*F89) -> 0.71566378 | H89: 26 | I89: =2*(1-G347)-1.10341777839999 -> -1.039037
A90: 89 | B90: Richmond | C90: =+9.08 -> 9.08 | D90: 107.2 | E90: 98.1 | F90: =D90^10/(D90^10+E90^10) -> 0.70828904 | G90: =(0.8267556358-0.8267556358*F90)/(0.8267556358+F90-2*0.8267556358*F90) -> 0.66278216
A91: 101 | B91: Charleston 13 | C91: =+7.52 -> 7.52 | D91: 113.9 | E91: 106.4 | F91: =D91^10/(D91^10+E91^10) -> 0.66399597 | G91: =(0.8267556358-0.8267556358*F91)/(0.8267556358+F91-2*0.8267556358*F91) -> 0.70716467 | H91: 26 | I91: =1-G352-1.51212508099999 -> -1.4825383
A92: 91 | B92: Indiana | C92: =+8.74 -> 8.74 | D92: 109.8 | E92: 101.1 | F92: =D92^10/(D92^10+E92^10) -> 0.69540344 | G92: =(0.8267556358-0.8267556358*F92)/(0.8267556358+F92-2*0.8267556358*F92) -> 0.6764056
A93: 92 | B93: Massachusetts | C93: =+8.58 -> 8.58 | D93: 111.8 | E93: 103.2 | F93: =D93^10/(D93^10+E93^10) -> 0.69006583 | G93: =(0.8267556358-0.8267556358*F93)/(0.8267556358+F93-2*0.8267556358*F93) -> 0.68187001
A94: 93 | B94: Loyola Chicago | C94: =+8.38 -> 8.38 | D94: 105.5 | E94: 97.1 | F94: =D94^10/(D94^10+E94^10) -> 0.6962906 | G94: =(0.8267556358-0.8267556358*F94)/(0.8267556358+F94-2*0.8267556358*F94) -> 0.67548743
A95: 94 | B95: Louisiana Tech | C95: =+8.33 -> 8.33 | D95: 108.8 | E95: 100.5 | F95: =D95^10/(D95^10+E95^10) -> 0.68859009 | G95: =(0.8267556358-0.8267556358*F95)/(0.8267556358+F95-2*0.8267556358*F95) -> 0.68336296
A96: 95 | B96: LSU | C96: =+8.26 -> 8.26 | D96: 110.5 | E96: 102.2 | F96: =D96^10/(D96^10+E96^10) -> 0.68586079 | G96: =(0.8267556358-0.8267556358*F96)/(0.8267556358+F96-2*0.8267556358*F96) -> 0.68610403
A97: 96 | B97: Miami FL | C97: =+8.17 -> 8.17 | D97: 111.2 | E97: 103 | F97: =D97^10/(D97^10+E97^10) -> 0.682658 | G97: =(0.8267556358-0.8267556358*F97)/(0.8267556358+F97-2*0.8267556358*F97) -> 0.68928787
A98: 97 | B98: George Mason | C98: =+8.09 -> 8.09 | D98: 109.5 | E98: 101.5 | F98: =D98^10/(D98^10+E98^10) -> 0.68106219 | G98: =(0.8267556358-0.8267556358*F98)/(0.8267556358+F98-2*0.8267556358*F98) -> 0.6908612
A99: 98 | B99: UCLA | C99: =+7.96 -> 7.96 | D99: 107.4 | E99: 99.4 | F99: =D99^10/(D99^10+E99^10) -> 0.68440297 | G99: =(0.8267556358-0.8267556358*F99)/(0.8267556358+F99-2*0.8267556358*F99) -> 0.68755758
A100: 99 | B100: Saint Joseph's | C100: =+7.69 -> 7.69 | D100: 110.6 | E100: 102.9 | F100: =D100^10/(D100^10+E100^10) -> 0.67296463 | G100: =(0.8267556358-0.8267556358*F100)/(0.8267556358+F100-2*0.8267556358*F100) -> 0.69871402
...

Sheet Wab2023
A1: Rk | B1: Team | C1: Tourney | D1: NetRtg | E1: ORtg | F1: DRtg | G1: AvgWin | H1: Bubble Win | I1: Wab
A2: 9 | B2: Kansas | C2: Yes | D2: =+22.85 -> 22.85 | E2: 114.6 | F2: 91.8 | G2: =E2^10/(E2^10+F2^10) -> 0.90188574 | H2: =(0.7816202012-0.7816202012*G2)/(0.7816202012+G2-2*0.7816202012*G2) -> 0.28025 | I2: 11.145409
A3: 4 | B3: Alabama | C3: Yes | D3: =+27.28 -> 27.28 | E3: 115.5 | F3: 88.2 | G3: =E3^10/(E3^10+F3^10) -> 0.93682783 | H3: =(0.7816202012-0.7816202012*G3)/(0.7816202012+G3-2*0.7816202012*G3) -> 0.19442615 | I3: 11.037367
A4: 7 | B4: Purdue | C4: Yes | D4: =+23.24 -> 23.24 | E4: 117.7 | F4: 94.5 | G4: =E4^10/(E4^10+F4^10) -> 0.89983493 | H4: =(0.7816202012-0.7816202012*G4)/(0.7816202012+G4-2*0.7816202012*G4) -> 0.28490521 | I4: 10.467536
A5: 3 | B5: UCLA | C5: Yes | D5: =+27.29 -> 27.29 | E5: 115.2 | F5: 88 | G5: =E5^10/(E5^10+F5^10) -> 0.93663187 | H5: =(0.7816202012-0.7816202012*G5)/(0.7816202012+G5-2*0.7816202012*G5) -> 0.19494453 | I5: 9.3720506
A6: 10 | B6: Marquette | C6: Yes | D6: =+22.38 -> 22.38 | E6: 119.1 | F6: 96.7 | G6: =E6^10/(E6^10+F6^10) -> 0.88928916 | H6: =(0.7816202012-0.7816202012*G6)/(0.7816202012+G6-2*0.7816202012*G6) -> 0.30823847 | I6: 9.0555468
A7: 2 | B7: Houston | C7: Yes | D7: =+27.72 -> 27.72 | E7: 118.1 | F7: 90.4 | G7: =E7^10/(E7^10+F7^10) -> 0.93540693 | H7: =(0.7816202012-0.7816202012*G7)/(0.7816202012+G7-2*0.7816202012*G7) -> 0.19817477 | I7: 9.0396905
A8: 5 | B8: Texas | C8: Yes | D8: =+24.43 -> 24.43 | E8: 116.5 | F8: 92.1 | G8: =E8^10/(E8^10+F8^10) -> 0.91294721 | H8: =(0.7816202012-0.7816202012*G8)/(0.7816202012+G8-2*0.7816202012*G8) -> 0.25444768 | I8: 8.9853682
A9: 8 | B9: Gonzaga | C9: Yes | D9: =+23.02 -> 23.02 | E9: 122.3 | F9: 99.3 | G9: =E9^10/(E9^10+F9^10) -> 0.88927085 | H9: =(0.7816202012-0.7816202012*G9)/(0.7816202012+G9-2*0.7816202012*G9) -> 0.30827814 | I9: =1-H364+7.91968345479999 -> 7.9344884
A10: 11 | B10: Arizona | C10: Yes | D10: =+21.9 -> 21.9 | E10: 118.2 | F10: 96.3 | G10: =E10^10/(E10^10+F10^10) -> 0.88585643 | H10: =(0.7816202012-0.7816202012*G10)/(0.7816202012+G10-2*0.7816202012*G10) -> 0.3156221 | I10: 8.7308792
A11: 14 | B11: San Diego State | C11: Yes | D11: =+20.34 -> 20.34 | E11: 110.8 | F11: 90.4 | G11: =E11^10/(E11^10+F11^10) -> 0.88440527 | H11: =(0.7816202012-0.7816202012*G11)/(0.7816202012+G11-2*0.7816202012*G11) -> 0.31871317 | I11: =1-H360+7.0201719821 -> 7.0538121
A12: 15 | B12: Xavier | C12: Yes | D12: =+19.95 -> 19.95 | E12: 118.5 | F12: 98.6 | G12: =E12^10/(E12^10+F12^10) -> 0.86276138 | H12: =(0.7816202012-0.7816202012*G12)/(0.7816202012+G12-2*0.7816202012*G12) -> 0.362788 | I12: 6.6856874
A13: 16 | B13: Baylor | C13: Yes | D13: =+19.68 -> 19.68 | E13: 121.3 | F13: 101.6 | G13: =E13^10/(E13^10+F13^10) -> 0.85473512 | H13: =(0.7816202012-0.7816202012*G13)/(0.7816202012+G13-2*0.7816202012*G13) -> 0.37822251 | I13: 6.3674021
A14: 1 | B14: Connecticut | C14: Yes | D14: =+29.86 -> 29.86 | E14: 120.8 | F14: 90.9 | G14: =E14^10/(E14^10+F14^10) -> 0.94499538 | H14: =(0.7816202012-0.7816202012*G14)/(0.7816202012+G14-2*0.7816202012*G14) -> 0.17241184 | I14: 6.3323355
A15: 13 | B15: Saint Mary's (CA) | C15: Yes | D15: =+21.24 -> 21.24 | E15: 112.6 | F15: 91.4 | G15: =E15^10/(E15^10+F15^10) -> 0.88953129 | H15: =(0.7816202012-0.7816202012*G15)/(0.7816202012+G15-2*0.7816202012*G15) -> 0.30771383 | I15: =1-H365 + 5.2713432059 -> 6.2713432
A16: 17 | B16: Florida Atlantic | C16: Yes | D16: =+19.38 -> 19.38 | E16: 115.1 | F16: 95.7 | G16: =E16^10/(E16^10+F16^10) -> 0.86363677 | H16: =(0.7816202012-0.7816202012*G16)/(0.7816202012+G16-2*0.7816202012*G16) -> 0.36107602 | I16: =1-H362+5.8917035037 -> 5.9128001
A17: 21 | B17: Kansas State | C17: Yes | D17: =+18.51 -> 18.51 | E17: 113.5 | F17: 95 | G17: =E17^10/(E17^10+F17^10) -> 0.8556054 | H17: =(0.7816202012-0.7816202012*G17)/(0.7816202012+G17-2*0.7816202012*G17) -> 0.37657148 | I17: 5.6654038
A18: 20 | B18: Memphis | C18: Yes | D18: =+18.53 -> 18.53 | E18: 114.6 | F18: 96.1 | G18: =E18^10/(E18^10+F18^10) -> 0.8532829 | H18: =(0.7816202012-0.7816202012*G18)/(0.7816202012+G18-2*0.7816202012*G18) -> 0.38096562 | I18: 5.4810371
A19: 18 | B19: Duke | C19: Yes | D19: =+19.35 -> 19.35 | E19: 113.2 | F19: 93.9 | G19: =E19^10/(E19^10+F19^10) -> 0.86637237 | H19: =(0.7816202012-0.7816202012*G19)/(0.7816202012+G19-2*0.7816202012*G19) -> 0.35568904 | I19: 5.4637173
A20: 24 | B20: Miami (FL) | C20: Yes | D20: =+17.94 -> 17.94 | E20: 119.1 | F20: 101.2 | G20: =E20^10/(E20^10+F20^10) -> 0.83598423 | H20: =(0.7816202012-0.7816202012*G20)/(0.7816202012+G20-2*0.7816202012*G20) -> 0.41253055 | I20: 5.0059295
A21: 28 | B21: Utah State | C21: Yes | D21: =+17.39 -> 17.39 | E21: 116.3 | F21: 98.9 | G21: =E21^10/(E21^10+F21^10) -> 0.83488313 | H21: =(0.7816202012-0.7816202012*G21)/(0.7816202012+G21-2*0.7816202012*G21) -> 0.41447287 | I21: =1-H356+4.7473302062 -> 4.7846673
A22: 57 | B22: Missouri | C22: Yes | D22: =+13.07 -> 13.07 | E22: 118.3 | F22: 105.3 | G22: =E22^10/(E22^10+F22^10) -> 0.76207755 | H22: =(0.7816202012-0.7816202012*G22)/(0.7816202012+G22-2*0.7816202012*G22) -> 0.52772894 | I22: 4.7185385
A23: 33 | B23: Texas A&M | C23: Yes | D23: =+16.71 -> 16.71 | E23: 113.7 | F23: 97 | G23: =E23^10/(E23^10+F23^10) -> 0.83040837 | H23: =(0.7816202012-0.7816202012*G23)/(0.7816202012+G23-2*0.7816202012*G23) -> 0.42228725 | I23: 4.6809007
A24: 30 | B24: Indiana | C24: Yes | D24: =+17.03 -> 17.03 | E24: 114.2 | F24: 97.2 | G24: =E24^10/(E24^10+F24^10) -> 0.83366196 | H24: =(0.7816202012-0.7816202012*G24)/(0.7816202012+G24-2*0.7816202012*G24) -> 0.41661795 | I24: 4.4375865
A25: 34 | B25: Virginia | C25: Yes | D25: =+16.37 -> 16.37 | E25: 110.8 | F25: 94.5 | G25: =E25^10/(E25^10+F25^10) -> 0.83079462 | H25: =(0.7816202012-0.7816202012*G25)/(0.7816202012+G25-2*0.7816202012*G25) -> 0.42161767 | I25: 4.1913241
A26: 6 | B26: Tennessee | C26: Yes | D26: =+23.8 -> 23.8 | E26: 111.3 | F26: 87.5 | G26: =E26^10/(E26^10+F26^10) -> 0.91727646 | H26: =(0.7816202012-0.7816202012*G26)/(0.7816202012+G26-2*0.7816202012*G26) -> 0.24401876 | I26: 3.9117887
A27: 12 | B27: Creighton | C27: Yes | D27: =+21.83 -> 21.83 | E27: 115 | F27: 93.2 | G27: =E27^10/(E27^10+F27^10) -> 0.89108228 | H27: =(0.7816202012-0.7816202012*G27)/(0.7816202012+G27-2*0.7816202012*G27) -> 0.30434099 | I27: 3.3654528
A28: 26 | B28: Michigan State | C28: Yes | D28: =+17.61 -> 17.61 | E28: 114.2 | F28: 96.6 | G28: =E28^10/(E28^10+F28^10) -> 0.8420719 | H28: =(0.7816202012-0.7816202012*G28)/(0.7816202012+G28-2*0.7816202012*G28) -> 0.40165059 | I28: 3.3550269
A29: 71 | B29: College of Charleston | C29: Yes | D29: =+11.85 -> 11.85 | E29: 110.6 | F29: 98.7 | G29: =E29^10/(E29^10+F29^10) -> 0.75737683 | H29: =(0.7816202012-0.7816202012*G29)/(0.7816202012+G29-2*0.7816202012*G29) -> 0.53414223 | I29: =1-H321+3.2022381561 -> 3.2780423
A30: 45 | B30: Southern California | C30: Yes | D30: =+14.85 -> 14.85 | E30: 112.3 | F30: 97.5 | G30: =E30^10/(E30^10+F30^10) -> 0.80427251 | H30: =(0.7816202012-0.7816202012*G30)/(0.7816202012+G30-2*0.7816202012*G30) -> 0.46553434 | I30: 3.2520917
A31: 25 | B31: TCU | C31: Yes | D31: =+17.78 -> 17.78 | E31: 112.1 | F31: 94.3 | G31: =E31^10/(E31^10+F31^10) -> 0.84929744 | H31: =(0.7816202012-0.7816202012*G31)/(0.7816202012+G31-2*0.7816202012*G31) -> 0.38841771 | I31: 3.2499748
A32: 31 | B32: North Texas | D32: =+16.89 -> 16.89 | E32: 111 | F32: 94.1 | G32: =E32^10/(E32^10+F32^10) -> 0.83912359 | H32: =(0.7816202012-0.7816202012*G32)/(0.7816202012+G32-2*0.7816202012*G32) -> 0.40695001
A33: 29 | B33: Iowa State | C33: Yes | D33: =+17.04 -> 17.04 | E33: 108.1 | F33: 91 | G33: =E33^10/(E33^10+F33^10) -> 0.84838269 | H33: =(0.7816202012-0.7816202012*G33)/(0.7816202012+G33-2*0.7816202012*G33) -> 0.39011259 | I33: 3.1833752
A34: 37 | B34: Boise State | C34: Yes | D34: =+15.85 -> 15.85 | E34: 110.9 | F34: 95.1 | G34: =E34^10/(E34^10+F34^10) -> 0.82302808 | H34: =(0.7816202012-0.7816202012*G34)/(0.7816202012+G34-2*0.7816202012*G34) -> 0.43490505 | I34: =1-H360+3.0657421603 -> 3.0993823
A35: 38 | B35: Northwestern | C35: Yes | D35: =+15.59 -> 15.59 | E35: 109.9 | F35: 94.3 | G35: =E35^10/(E35^10+F35^10) -> 0.82213748 | H35: =(0.7816202012-0.7816202012*G35)/(0.7816202012+G35-2*0.7816202012*G35) -> 0.43640541 | I35: 2.9626448
A36: 27 | B36: Kentucky | C36: Yes | D36: =+17.4 -> 17.4 | E36: 116.2 | F36: 98.8 | G36: =E36^10/(E36^10+F36^10) -> 0.83509176 | H36: =(0.7816202012-0.7816202012*G36)/(0.7816202012+G36-2*0.7816202012*G36) -> 0.41410545 | I36: 2.8098174
A37: 36 | B37: Penn State | C37: Yes | D37: =+16.04 -> 16.04 | E37: 117.2 | F37: 101.1 | G37: =E37^10/(E37^10+F37^10) -> 0.81422758 | H37: =(0.7816202012-0.7816202012*G37)/(0.7816202012+G37-2*0.7816202012*G37) -> 0.44952643 | I37: 2.7143526
A38: 19 | B38: West Virginia | C38: Yes | D38: =+18.82 -> 18.82 | E38: 116.9 | F38: 98.1 | G38: =E38^10/(E38^10+F38^10) -> 0.85237044 | H38: =(0.7816202012-0.7816202012*G38)/(0.7816202012+G38-2*0.7816202012*G38) -> 0.38268155 | I38: 2.6771061
A39: 72 | B39: Oral Roberts | C39: Yes | D39: =+11.65 -> 11.65 | E39: 113.9 | F39: 102.2 | G39: =E39^10/(E39^10+F39^10) -> 0.74722979 | H39: =(0.7816202012-0.7816202012*G39)/(0.7816202012+G39-2*0.7816202012*G39) -> 0.54766514 | I39: =4*(1-H330)+2.347254608 -> 2.6033513
A40: 39 | B40: Rutgers | D40: =+15.53 -> 15.53 | E40: 106.3 | F40: 90.8 | G40: =E40^10/(E40^10+F40^10) -> 0.82864579 | H40: =(0.7816202012-0.7816202012*G40)/(0.7816202012+G40-2*0.7816202012*G40) -> 0.42533094
A41: 60 | B41: Virginia Commonwealth | C41: Yes | D41: =+12.84 -> 12.84 | E41: 106.6 | F41: 93.8 | G41: =E41^10/(E41^10+F41^10) -> 0.78231128 | H41: =(0.7816202012-0.7816202012*G41)/(0.7816202012+G41-2*0.7816202012*G41) -> 0.49898666 | I41: 2.2389039
A42: 40 | B42: Providence | C42: Yes | D42: =+15.39 -> 15.39 | E42: 116.2 | F42: 100.8 | G42: =E42^10/(E42^10+F42^10) -> 0.80561181 | H42: =(0.7816202012-0.7816202012*G42)/(0.7816202012+G42-2*0.7816202012*G42) -> 0.46341259 | I42: 2.1772936
A43: 42 | B43: Oregon | D43: =+15.13 -> 15.13 | E43: 112.9 | F43: 97.8 | G43: =E43^10/(E43^10+F43^10) -> 0.80780015 | H43: =(0.7816202012-0.7816202012*G43)/(0.7816202012+G43-2*0.7816202012*G43) -> 0.45992471
A44: 43 | B44: North Carolina | D44: =+15.01 -> 15.01 | E44: 112.2 | F44: 97.2 | G44: =E44^10/(E44^10+F44^10) -> 0.80769826 | H44: =(0.7816202012-0.7816202012*G44)/(0.7816202012+G44-2*0.7816202012*G44) -> 0.4600877
A45: 44 | B45: Michigan | D45: =+14.96 -> 14.96 | E45: 112.3 | F45: 97.4 | G45: =E45^10/(E45^10+F45^10) -> 0.80588285 | H45: =(0.7816202012-0.7816202012*G45)/(0.7816202012+G45-2*0.7816202012*G45) -> 0.46298203
A46: 23 | B46: Maryland | C46: Yes | D46: =+17.99 -> 17.99 | E46: 113.5 | F46: 95.6 | G46: =E46^10/(E46^10+F46^10) -> 0.84765166 | H46: =(0.7816202012-0.7816202012*G46)/(0.7816202012+G46-2*0.7816202012*G46) -> 0.39146294 | I46: 2.1015298
A47: 46 | B47: Oklahoma State | D47: =+14.69 -> 14.69 | E47: 106.6 | F47: 91.9 | G47: =E47^10/(E47^10+F47^10) -> 0.8151496 | H47: =(0.7816202012-0.7816202012*G47)/(0.7816202012+G47-2*0.7816202012*G47) -> 0.44801563
A48: 47 | B48: UAB | D48: =+14.64 -> 14.64 | E48: 112.5 | F48: 97.9 | G48: =E48^10/(E48^10+F48^10) -> 0.80060289 | H48: =(0.7816202012-0.7816202012*G48)/(0.7816202012+G48-2*0.7816202012*G48) -> 0.47129821
A49: 48 | B49: Liberty | D49: =+14.54 -> 14.54 | E49: 112.1 | F49: 97.5 | G49: =E49^10/(E49^10+F49^10) -> 0.80145126 | H49: =(0.7816202012-0.7816202012*G49)/(0.7816202012+G49-2*0.7816202012*G49) -> 0.4699721
A50: 49 | B50: Ohio State | D50: =+14.11 -> 14.11 | E50: 115.7 | F50: 101.6 | G50: =E50^10/(E50^10+F50^10) -> 0.78576277 | H50: =(0.7816202012-0.7816202012*G50)/(0.7816202012+G50-2*0.7816202012*G50) -> 0.49389086
A51: 50 | B51: Cincinnati | D51: =+13.99 -> 13.99 | E51: 112 | F51: 98 | G51: =E51^10/(E51^10+F51^10) -> 0.79171826 | H51: =(0.7816202012-0.7816202012*G51)/(0.7816202012+G51-2*0.7816202012*G51) -> 0.48495936
A52: 51 | B52: VillaNova | D52: =+13.7 -> 13.7 | E52: 113.4 | F52: 99.7 | G52: =E52^10/(E52^10+F52^10) -> 0.78373342 | H52: =(0.7816202012-0.7816202012*G52)/(0.7816202012+G52-2*0.7816202012*G52) -> 0.49689405
A53: 55 | B53: Arizona State | C53: Yes | D53: =+13.26 -> 13.26 | E53: 109 | F53: 95.8 | G53: =E53^10/(E53^10+F53^10) -> 0.78429136 | H53: =(0.7816202012-0.7816202012*G53)/(0.7816202012+G53-2*0.7816202012*G53) -> 0.49607039 | I53: 2.0301314
A54: 53 | B54: Mississippi State | D54: =+13.49 -> 13.49 | E54: 104.8 | F54: 91.4 | G54: =E54^10/(E54^10+F54^10) -> 0.79707025 | H54: =(0.7816202012-0.7816202012*G54)/(0.7816202012+G54-2*0.7816202012*G54) -> 0.47677928
A55: 54 | B55: Oklahoma | D55: =+13.41 -> 13.41 | E55: 110.8 | F55: 97.4 | G55: =E55^10/(E55^10+F55^10) -> 0.78397884 | H55: =(0.7816202012-0.7816202012*G55)/(0.7816202012+G55-2*0.7816202012*G55) -> 0.49653195
A56: 52 | B56: NC State | C56: Yes | D56: =+13.55 -> 13.55 | E56: 113.6 | F56: 100 | G56: =E56^10/(E56^10+F56^10) -> 0.7816202 | H56: =(0.7816202012-0.7816202012*G56)/(0.7816202012+G56-2*0.7816202012*G56) -> 0.5 | I56: 1.9842337
A57: 56 | B57: UCF | D57: =+13.21 -> 13.21 | E57: 109 | F57: 95.8 | G57: =E57^10/(E57^10+F57^10) -> 0.78429136 | H57: =(0.7816202012-0.7816202012*G57)/(0.7816202012+G57-2*0.7816202012*G57) -> 0.49607039
A58: 32 | B58: Auburn | C58: Yes | D58: =+16.77 -> 16.77 | E58: 112.5 | F58: 95.7 | G58: =E58^10/(E58^10+F58^10) -> 0.83442923 | H58: =(0.7816202012-0.7816202012*G58)/(0.7816202012+G58-2*0.7816202012*G58) -> 0.41527128 | I58: 1.9810211
A59: 58 | B59: Seton Hall | D59: =+13.06 -> 13.06 | E59: 107.2 | F59: 94.1 | G59: =E59^10/(E59^10+F59^10) -> 0.78640362 | H59: =(0.7816202012-0.7816202012*G59)/(0.7816202012+G59-2*0.7816202012*G59) -> 0.49293827
A60: 92 | B60: Furman | C60: Yes | D60: =+8.01 -> 8.01 | E60: 113.5 | F60: 105.5 | G60: =E60^10/(E60^10+F60^10) -> 0.67500687 | H60: =(0.7816202012-0.7816202012*G60)/(0.7816202012+G60-2*0.7816202012*G60) -> 0.63279224 | I60: =3*(1-H331)-1.11540923249999 -> -0.92030599
A61: 35 | B61: IlliNois | C61: Yes | D61: =+16.22 -> 16.22 | E61: 111.1 | F61: 94.9 | G61: =E61^10/(E61^10+F61^10) -> 0.8286472 | H61: =(0.7816202012-0.7816202012*G61)/(0.7816202012+G61-2*0.7816202012*G61) -> 0.42532851 | I61: 1.868629
A62: 61 | B62: Wisconsin | D62: =+12.82 -> 12.82 | E62: 106.9 | F62: 94.1 | G62: =E62^10/(E62^10+F62^10) -> 0.78165852 | H62: =(0.7816202012-0.7816202012*G62)/(0.7816202012+G62-2*0.7816202012*G62) -> 0.49994387
A63: 62 | B63: Nevada | D63: =+12.74 -> 12.74 | E63: 111.8 | F63: 99.1 | G63: =E63^10/(E63^10+F63^10) -> 0.76955872 | H63: =(0.7816202012-0.7816202012*G63)/(0.7816202012+G63-2*0.7816202012*G63) -> 0.51732107
A64: 63 | B64: Texas Tech | D64: =+12.73 -> 12.73 | E64: 111.5 | F64: 98.7 | G64: =E64^10/(E64^10+F64^10) -> 0.77195732 | H64: =(0.7816202012-0.7816202012*G64)/(0.7816202012+G64-2*0.7816202012*G64) -> 0.51393058
A65: 64 | B65: Utah Valley | D65: =+12.63 -> 12.63 | E65: 107.9 | F65: 95.3 | G65: =E65^10/(E65^10+F65^10) -> 0.77586859 | H65: =(0.7816202012-0.7816202012*G65)/(0.7816202012+G65-2*0.7816202012*G65) -> 0.50834487
A66: 65 | B66: Yale | D66: =+12.63 -> 12.63 | E66: 110.1 | F66: 97.5 | G66: =E66^10/(E66^10+F66^10) -> 0.77124714 | H66: =(0.7816202012-0.7816202012*G66)/(0.7816202012+G66-2*0.7816202012*G66) -> 0.51493719
A67: 66 | B67: New Mexico | D67: =+12.26 -> 12.26 | E67: 114.7 | F67: 102.5 | G67: =E67^10/(E67^10+F67^10) -> 0.75483584 | H67: =(0.7816202012-0.7816202012*G67)/(0.7816202012+G67-2*0.7816202012*G67) -> 0.53756929
A68: 67 | B68: Washington State | D68: =+12.11 -> 12.11 | E68: 111.3 | F68: 99.2 | G68: =E68^10/(E68^10+F68^10) -> 0.75967754 | H68: =(0.7816202012-0.7816202012*G68)/(0.7816202012+G68-2*0.7816202012*G68) -> 0.53101532
A69: 68 | B69: Clemson | D69: =+12.04 -> 12.04 | E69: 110.4 | F69: 98.4 | G69: =E69^10/(E69^10+F69^10) -> 0.75963753 | H69: =(0.7816202012-0.7816202012*G69)/(0.7816202012+G69-2*0.7816202012*G69) -> 0.53106989
A70: 22 | B70: Arkansas | C70: Yes | D70: =+18.05 -> 18.05 | E70: 112.1 | F70: 94 | G70: =E70^10/(E70^10+F70^10) -> 0.85333054 | H70: =(0.7816202012-0.7816202012*G70)/(0.7816202012+G70-2*0.7816202012*G70) -> 0.38087587 | I70: 1.7820685
A71: 70 | B71: Colorado | D71: =+11.86 -> 11.86 | E71: 107.3 | F71: 95.5 | G71: =E71^10/(E71^10+F71^10) -> 0.76224441 | H71: =(0.7816202012-0.7816202012*G71)/(0.7816202012+G71-2*0.7816202012*G71) -> 0.52749952
A72: 41 | B72: Iowa | C72: Yes | D72: =+15.39 -> 15.39 | E72: 120 | F72: 104.6 | G72: =E72^10/(E72^10+F72^10) -> 0.79794213 | H72: =(0.7816202012-0.7816202012*G72)/(0.7816202012+G72-2*0.7816202012*G72) -> 0.47543262 | I72: 1.4990408
A73: 78 | B73: Kent State | C73: Yes | D73: =+11.2 -> 11.2 | E73: 107.7 | F73: 96.5 | G73: =E73^10/(E73^10+F73^10) -> 0.74989751 | H73: =(0.7816202012-0.7816202012*G73)/(0.7816202012+G73-2*0.7816202012*G73) -> 0.54415156 | I73: =2*(1-H358)+1.4109405286 -> 1.4852913
A74: 73 | B74: Sam Houston | D74: =+11.63 -> 11.63 | E74: 105.8 | F74: 94.1 | G74: =E74^10/(E74^10+F74^10) -> 0.76349274 | H74: =(0.7816202012-0.7816202012*G74)/(0.7816202012+G74-2*0.7816202012*G74) -> 0.52577924
A75: 74 | B75: Florida | D75: =+11.48 -> 11.48 | E75: 107 | F75: 95.5 | G75: =E75^10/(E75^10+F75^10) -> 0.75713317 | H75: =(0.7816202012-0.7816202012*G75)/(0.7816202012+G75-2*0.7816202012*G75) -> 0.53447206
A76: 75 | B76: Utah | D76: =+11.46 -> 11.46 | E76: 107.3 | F76: 95.8 | G76: =E76^10/(E76^10+F76^10) -> 0.75651364 | H76: =(0.7816202012-0.7816202012*G76)/(0.7816202012+G76-2*0.7816202012*G76) -> 0.53530952
A77: 69 | B77: Drake | C77: Yes | D77: =+11.9 -> 11.9 | E77: 108.4 | F77: 96.5 | G77: =E77^10/(E77^10+F77^10) -> 0.76185034 | H77: =(0.7816202012-0.7816202012*G77)/(0.7816202012+G77-2*0.7816202012*G77) -> 0.52804114 | I77: =1-H371+0.3233462169 -> 1.3233462
A78: 77 | B78: Brigham Young | D78: =+11.22 -> 11.22 | E78: 108.9 | F78: 97.7 | G78: =E78^10/(E78^10+F78^10) -> 0.74749276 | H78: =(0.7816202012-0.7816202012*G78)/(0.7816202012+G78-2*0.7816202012*G78) -> 0.54732008
A79: 59 | B79: Pittsburgh | C79: Yes | D79: =+12.86 -> 12.86 | E79: 114.2 | F79: 101.3 | G79: =E79^10/(E79^10+F79^10) -> 0.76828434 | H79: =(0.7816202012-0.7816202012*G79)/(0.7816202012+G79-2*0.7816202012*G79) -> 0.51911177 | I79: 0.41083442
A80: 79 | B80: Dayton | D80: =+11.12 -> 11.12 | E80: 109.8 | F80: 98.6 | G80: =E80^10/(E80^10+F80^10) -> 0.74571592 | H80: =(0.7816202012-0.7816202012*G80)/(0.7816202012+G80-2*0.7816202012*G80) -> 0.54964601
A81: 80 | B81: Virginia Tech | D81: =+10.51 -> 10.51 | E81: 113.9 | F81: 103.4 | G81: =E81^10/(E81^10+F81^10) -> 0.72455288 | H81: =(0.7816202012-0.7816202012*G81)/(0.7816202012+G81-2*0.7816202012*G81) -> 0.57639069
A82: 81 | B82: Vanderbilt | D82: =+10.29 -> 10.29 | E82: 113.9 | F82: 103.7 | G82: =E82^10/(E82^10+F82^10) -> 0.71873341 | H82: =(0.7816202012-0.7816202012*G82)/(0.7816202012+G82-2*0.7816202012*G82) -> 0.58344839
A83: 82 | B83: St. John's (NY) | D83: =+10.28 -> 10.28 | E83: 108.3 | F83: 98 | G83: =E83^10/(E83^10+F83^10) -> 0.73093602 | H83: =(0.7816202012-0.7816202012*G83)/(0.7816202012+G83-2*0.7816202012*G83) -> 0.56850556
A84: 83 | B84: Marshall | D84: =+9.66 -> 9.66 | E84: 111 | F84: 101.3 | G84: =E84^10/(E84^10+F84^10) -> 0.71390744 | H84: =(0.7816202012-0.7816202012*G84)/(0.7816202012+G84-2*0.7816202012*G84) -> 0.58920874
A85: 84 | B85: Stanford | D85: =+9.45 -> 9.45 | E85: 113.8 | F85: 104.3 | G85: =E85^10/(E85^10+F85^10) -> 0.70510172 | H85: =(0.7816202012-0.7816202012*G85)/(0.7816202012+G85-2*0.7816202012*G85) -> 0.59950946
A86: 85 | B86: Santa Clara | D86: =+9.41 -> 9.41 | E86: 110.3 | F86: 100.8 | G86: =E86^10/(E86^10+F86^10) -> 0.71108423 | H86: =(0.7816202012-0.7816202012*G86)/(0.7816202012+G86-2*0.7816202012*G86) -> 0.59254045
A87: 86 | B87: Wake Forest | D87: =+9.05 -> 9.05 | E87: 112.1 | F87: 103.1 | G87: =E87^10/(E87^10+F87^10) -> 0.69781601 | H87: =(0.7816202012-0.7816202012*G87)/(0.7816202012+G87-2*0.7816202012*G87) -> 0.60783334
A88: 87 | B88: Toledo | D88: =+8.83 -> 8.83 | E88: 119.5 | F88: 110.6 | G88: =E88^10/(E88^10+F88^10) -> 0.68437751 | H88: =(0.7816202012-0.7816202012*G88)/(0.7816202012+G88-2*0.7816202012*G88) -> 0.62273434
A89: 88 | B89: Louisiana | C89: Yes | D89: =+8.51 -> 8.51 | E89: 111.4 | F89: 102.9 | G89: =E89^10/(E89^10+F89^10) -> 0.68862456 | H89: =(0.7816202012-0.7816202012*G89)/(0.7816202012+G89-2*0.7816202012*G89) -> 0.61808699 | I89: =3*(1-H364)+0.264102283799999 -> 0.30851713
A90: 89 | B90: Hofstra | D90: =+8.39 -> 8.39 | E90: 110.8 | F90: 102.4 | G90: =E90^10/(E90^10+F90^10) -> 0.68748781 | H90: =(0.7816202012-0.7816202012*G90)/(0.7816202012+G90-2*0.7816202012*G90) -> 0.61933641
A91: 90 | B91: Bradley | D91: =+8.27 -> 8.27 | E91: 106.8 | F91: 98.5 | G91: =E91^10/(E91^10+F91^10) -> 0.69189931 | H91: =(0.7816202012-0.7816202012*G91)/(0.7816202012+G91-2*0.7816202012*G91) -> 0.61446486
A92: 91 | B92: Princeton | C92: Yes | D92: =+8.04 -> 8.04 | E92: 109.5 | F92: 101.5 | G92: =E92^10/(E92^10+F92^10) -> 0.68106219 | H92: =(0.7816202012-0.7816202012*G92)/(0.7816202012+G92-2*0.7816202012*G92) -> 0.6263233 | I92: =2*(1-H364)-1.9696583857 -> -1.9400485
A93: 113 | B93: Montana State | C93: Yes | D93: =+5.49 -> 5.49 | E93: 105.1 | F93: 99.6 | G93: =E93^10/(E93^10+F93^10) -> 0.63123093 | H93: =(0.7816202012-0.7816202012*G93)/(0.7816202012+G93-2*0.7816202012*G93) -> 0.67647784 | I93: =2*(1-H343)-2.0380257981 -> -1.9328007
A94: 93 | B94: South Alabama | D94: =+7.65 -> 7.65 | E94: 108 | F94: 100.4 | G94: =E94^10/(E94^10+F94^10) -> 0.67473729 | H94: =(0.7816202012-0.7816202012*G94)/(0.7816202012+G94-2*0.7816202012*G94) -> 0.63307769
A95: 94 | B95: Nebraska | D95: =+7.61 -> 7.61 | E95: 106.5 | F95: 98.8 | G95: =E95^10/(E95^10+F95^10) -> 0.67928193 | H95: =(0.7816202012-0.7816202012*G95)/(0.7816202012+G95-2*0.7816202012*G95) -> 0.62823664
A96: 95 | B96: Nevada-Las Vegas | D96: =+7.38 -> 7.38 | E96: 107.1 | F96: 99.7 | G96: =E96^10/(E96^10+F96^10) -> 0.67171963 | H96: =(0.7816202012-0.7816202012*G96)/(0.7816202012+G96-2*0.7816202012*G96) -> 0.6362582
A97: 96 | B97: Saint Louis | D97: =+7.29 -> 7.29 | E97: 111.4 | F97: 104.1 | G97: =E97^10/(E97^10+F97^10) -> 0.66323712 | H97: =(0.7816202012-0.7816202012*G97)/(0.7816202012+G97-2*0.7816202012*G97) -> 0.64505659
A98: 97 | B98: San Jose State | D98: =+6.92 -> 6.92 | E98: 109.5 | F98: 102.6 | G98: =E98^10/(E98^10+F98^10) -> 0.65720562 | H98: =(0.7816202012-0.7816202012*G98)/(0.7816202012+G98-2*0.7816202012*G98) -> 0.6511884
A99: 98 | B99: James Madison | D99: =+6.7 -> 6.7 | E99: 106.5 | F99: 99.8 | G99: =E99^10/(E99^10+F99^10) -> 0.65695818 | H99: =(0.7816202012-0.7816202012*G99)/(0.7816202012+G99-2*0.7816202012*G99) -> 0.65143779
A100: 99 | B100: Southern Mississippi | D100: =+6.51 -> 6.51 | E100: 107.1 | F100: 100.6 | G100: =E100^10/(E100^10+F100^10) -> 0.65160626 | H100: =(0.7816202012-0.7816202012*G100)/(0.7816202012+G100-2*0.7816202012*G100) -> 0.65679094
...

Sheet Wab2022
A1: Rk | B1: Team | C1: NetRtg | D1: ORtg | E1: DRtg | F1: AvgWin | G1: BubbleWin | H1: Tourney | I1: Wab
A2: 3 | B2: Kansas | C2: =+27.49 -> 27.49 | D2: 119.2 | E2: 91.7 | F2: =D2^10/(D2^10+E2^10) -> 0.93231485 | G2: =(0.80424686-0.80424686*F2)/(0.80424686+F2-2*0.80424686*F2) -> 0.22974496 | H2: Yes | I2: 10.902604
A3: 5 | B3: Arizona | C3: =+25.96 -> 25.96 | D3: 118.6 | E3: 92.6 | F3: =D3^10/(D3^10+E3^10) -> 0.92234715 | G3: =(0.80424686-0.80424686*F3)/(0.80424686+F3-2*0.80424686*F3) -> 0.25699969 | H3: Yes | I3: 9.097421
A4: 4 | B4: Baylor | C4: =+27.04 -> 27.04 | D4: 118 | E4: 91 | F4: =D4^10/(D4^10+E4^10) -> 0.93074894 | G4: =(0.80424686-0.80424686*F4)/(0.80424686+F4-2*0.80424686*F4) -> 0.23411864 | H4: Yes | I4: 8.8309669
A5: 9 | B5: Tennessee | C5: =+25.1 -> 25.1 | D5: 111.5 | E5: 86.4 | F5: =D5^10/(D5^10+E5^10) -> 0.92759831 | G5: =(0.80424686-0.80424686*F5)/(0.80424686+F5-2*0.80424686*F5) -> 0.24281325 | H5: Yes | I5: 8.38187
A6: 12 | B6: Auburn | C6: =+23.2 -> 23.2 | D6: 112.7 | E6: 89.5 | F6: =D6^10/(D6^10+E6^10) -> 0.9092827 | G6: =(0.80424686-0.80424686*F6)/(0.80424686+F6-2*0.80424686*F6) -> 0.29072695 | H6: Yes | I6: 7.9139122
A7: 10 | B7: VillaNova | C7: =+24.56 -> 24.56 | D7: 117.5 | E7: 92.9 | F7: =D7^10/(D7^10+E7^10) -> 0.91286639 | G7: =(0.80424686-0.80424686*F7)/(0.80424686+F7-2*0.80424686*F7) -> 0.28168981 | H7: Yes | I7: 7.1027975
A8: 1 | B8: Gonzaga | C8: =+30.95 -> 30.95 | D8: 120.7 | E8: 89.7 | F8: =D8^10/(D8^10+E8^10) -> 0.95112473 | G8: =(0.80424686-0.80424686*F8)/(0.80424686+F8-2*0.80424686*F8) -> 0.17431898 | H8: Yes | I8: 7.0927199
A9: 6 | B9: Kentucky | C9: =+25.72 -> 25.72 | D9: 120 | E9: 94.3 | F9: =D9^10/(D9^10+E9^10) -> 0.91759466 | G9: =(0.80424686-0.80424686*F9)/(0.80424686+F9-2*0.80424686*F9) -> 0.2695211 | H9: Yes | I9: 7.0524979
A10: 14 | B10: Purdue | C10: =+22.36 -> 22.36 | D10: 121 | E10: 98.6 | F10: =D10^10/(D10^10+E10^10) -> 0.88566366 | G10: =(0.80424686-0.80424686*F10)/(0.80424686+F10-2*0.80424686*F10) -> 0.34657218 | H10: Yes | I10: 7.0041468
A11: 8 | B11: Duke | C11: =+25.15 -> 25.15 | D11: 121.1 | E11: 95.9 | F11: =D11^10/(D11^10+E11^10) -> 0.91158206 | G11: =(0.80424686-0.80424686*F11)/(0.80424686+F11-2*0.80424686*F11) -> 0.28494673 | H11: Yes | I11: 6.7452543
A12: 7 | B12: Texas Tech | C12: =+25.64 -> 25.64 | D12: 110.7 | E12: 85 | F12: =D12^10/(D12^10+E12^10) -> 0.93349918 | G12: =(0.80424686-0.80424686*F12)/(0.80424686+F12-2*0.80424686*F12) -> 0.2264136 | H12: Yes | I12: 6.7333881
A13: 32 | B13: Providence | C13: =+15.89 -> 15.89 | D13: 111.5 | E13: 95.6 | F13: =D13^10/(D13^10+E13^10) -> 0.82324914 | G13: =(0.80424686-0.80424686*F13)/(0.80424686+F13-2*0.80424686*F13) -> 0.46867463 | H13: Yes | I13: 6.615962
A14: 37 | B14: Wisconsin | C14: =+15.34 -> 15.34 | D14: 109.3 | E14: 94 | F14: =D14^10/(D14^10+E14^10) -> 0.81876701 | G14: =(0.80424686-0.80424686*F14)/(0.80424686+F14-2*0.80424686*F14) -> 0.47627676 | H14: Yes | I14: 6.2904146
A15: 18 | B15: Arkansas | C15: =+19.46 -> 19.46 | D15: 109.9 | E15: 90.4 | F15: =D15^10/(D15^10+E15^10) -> 0.87580232 | G15: =(0.80424686-0.80424686*F15)/(0.80424686+F15-2*0.80424686*F15) -> 0.36813779 | H15: Yes | I15: 5.4004391
A16: 11 | B16: UCLA | C16: =+24.26 -> 24.26 | D16: 115.9 | E16: 91.7 | F16: =D16^10/(D16^10+E16^10) -> 0.91230054 | G16: =(0.80424686-0.80424686*F16)/(0.80424686+F16-2*0.80424686*F16) -> 0.28312727 | H16: Yes | I16: 5.3541699
A17: 2 | B17: Houston | C17: =+27.7 -> 27.7 | D17: 116.8 | E17: 89.1 | F17: =D17^10/(D17^10+E17^10) -> 0.93744063 | G17: =(0.80424686-0.80424686*F17)/(0.80424686+F17-2*0.80424686*F17) -> 0.21517899 | H17: Yes | I17: 5.2735009
A18: 46 | B18: Colorado State | C18: =+14.45 -> 14.45 | D18: 112.9 | E18: 98.4 | F18: =D18^10/(D18^10+E18^10) -> 0.79812502 | G18: =(0.80424686-0.80424686*F18)/(0.80424686+F18-2*0.80424686*F18) -> 0.50960762 | H18: Yes | I18: 4.9564596
A19: 17 | B19: Saint Mary's (CA) | C19: =+19.53 -> 19.53 | D19: 110.1 | E19: 90.6 | F19: =D19^10/(D19^10+E19^10) -> 0.87537556 | G19: =(0.80424686-0.80424686*F19)/(0.80424686+F19-2*0.80424686*F19) -> 0.36904955 | H19: Yes | I19: 4.3533986
A20: 13 | B20: Iowa | C20: =+22.72 -> 22.72 | D20: 120.5 | E20: 97.8 | F20: =D20^10/(D20^10+E20^10) -> 0.88965793 | G20: =(0.80424686-0.80424686*F20)/(0.80424686+F20-2*0.80424686*F20) -> 0.33755706 | H20: Yes | I20: 4.2806807
A21: 20 | B21: IlliNois | C21: =+18.75 -> 18.75 | D21: 112 | E21: 93.3 | F21: =D21^10/(D21^10+E21^10) -> 0.8613786 | G21: =(0.80424686-0.80424686*F21)/(0.80424686+F21-2*0.80424686*F21) -> 0.3980167 | H21: Yes | I21: 4.1908257
A22: 47 | B22: Southern California | C22: =+14.14 -> 14.14 | D22: 109.8 | E22: 95.6 | F22: =D22^10/(D22^10+E22^10) -> 0.79977314 | G22: =(0.80424686-0.80424686*F22)/(0.80424686+F22-2*0.80424686*F22) -> 0.50704323 | H22: Yes | I22: 4.1285301
A23: 39 | B23: Boise State | C23: =+15.14 -> 15.14 | D23: 107.5 | E23: 92.4 | F23: =D23^10/(D23^10+E23^10) -> 0.81959983 | G23: =(0.80424686-0.80424686*F23)/(0.80424686+F23-2*0.80424686*F23) -> 0.47487448 | H23: Yes | I23: 4.1197224
A24: 16 | B24: North Carolina | C24: =+20.13 -> 20.13 | D24: 114.4 | E24: 94.3 | F24: =D24^10/(D24^10+E24^10) -> 0.8734926 | G24: =(0.80424686-0.80424686*F24)/(0.80424686+F24-2*0.80424686*F24) -> 0.37305171 | H24: Yes | I24: 3.9330433
A25: 36 | B25: Murray State | C25: =+15.42 -> 15.42 | D25: 111.5 | E25: 96.1 | F25: =D25^10/(D25^10+E25^10) -> 0.81553021 | G25: =(0.80424686-0.80424686*F25)/(0.80424686+F25-2*0.80424686*F25) -> 0.48168299 | H25: Yes | I25: 3.6881643
A26: 15 | B26: Texas | C26: =+20.88 -> 20.88 | D26: 112.5 | E26: 91.6 | F26: =D26^10/(D26^10+E26^10) -> 0.88647396 | G26: =(0.80424686-0.80424686*F26)/(0.80424686+F26-2*0.80424686*F26) -> 0.34475671 | H26: Yes | I26: 3.5343841
A27: 22 | B27: Connecticut | C27: =+18.55 -> 18.55 | D27: 113.8 | E27: 95.3 | F27: =D27^10/(D27^10+E27^10) -> 0.85497017 | G27: =(0.80424686-0.80424686*F27)/(0.80424686+F27-2*0.80424686*F27) -> 0.41069931 | H27: Yes | I27: 3.4076827
A28: 26 | B28: TCU | C28: =+17.02 -> 17.02 | D28: 108.7 | E28: 91.7 | F28: =D28^10/(D28^10+E28^10) -> 0.84562537 | G28: =(0.80424686-0.80424686*F28)/(0.80424686+F28-2*0.80424686*F28) -> 0.42858118 | H28: Yes | I28: 3.0799605
A29: 25 | B29: San Diego State | C29: =+17.07 -> 17.07 | D29: 103.4 | E29: 86.3 | F29: =D29^10/(D29^10+E29^10) -> 0.85909016 | G29: =(0.80424686-0.80424686*F29)/(0.80424686+F29-2*0.80424686*F29) -> 0.40258596 | H29: Yes | I29: 2.9254859
A30: 43 | B30: Iowa State | C30: =+14.63 -> 14.63 | D30: 103.1 | E30: 88.5 | F30: =D30^10/(D30^10+E30^10) -> 0.82156232 | G30: =(0.80424686-0.80424686*F30)/(0.80424686+F30-2*0.80424686*F30) -> 0.47155163 | H30: Yes | I30: 2.9102873
A31: 30 | B31: Oklahoma | C31: =+16.48 -> 16.48 | D31: 111 | E31: 94.6 | F31: =D31^10/(D31^10+E31^10) -> 0.83184043 | G31: =(0.80424686-0.80424686*F31)/(0.80424686+F31-2*0.80424686*F31) -> 0.45371406
A32: 21 | B32: Louisiana State | C32: =+18.65 -> 18.65 | D32: 107.3 | E32: 88.7 | F32: =D32^10/(D32^10+E32^10) -> 0.87030832 | G32: =(0.80424686-0.80424686*F32)/(0.80424686+F32-2*0.80424686*F32) -> 0.37974382 | H32: Yes | I32: 2.8747131
A33: 42 | B33: Michigan State | C33: =+14.76 -> 14.76 | D33: 111.9 | E33: 97.1 | F33: =D33^10/(D33^10+E33^10) -> 0.8051255 | G33: =(0.80424686-0.80424686*F33)/(0.80424686+F33-2*0.80424686*F33) -> 0.49860238 | H33: Yes | I33: 2.7316933
A34: 33 | B34: Texas A&M | C34: =+15.69 -> 15.69 | D34: 109.1 | E34: 93.4 | F34: =D34^10/(D34^10+E34^10) -> 0.8254526 | G34: =(0.80424686-0.80424686*F34)/(0.80424686+F34-2*0.80424686*F34) -> 0.464887
A35: 34 | B35: Oklahoma State | C35: =+15.6 -> 15.6 | D35: 103.8 | E35: 88.2 | F35: =D35^10/(D35^10+E35^10) -> 0.8359764 | G35: =(0.80424686-0.80424686*F35)/(0.80424686+F35-2*0.80424686*F35) -> 0.4463231
A36: 35 | B36: Wake Forest | C36: =+15.56 -> 15.56 | D36: 110.7 | E36: 95.1 | F36: =D36^10/(D36^10+E36^10) -> 0.82038362 | G36: =(0.80424686-0.80424686*F36)/(0.80424686+F36-2*0.80424686*F36) -> 0.47355051
A37: 28 | B37: Alabama | C37: =+16.57 -> 16.57 | D37: 115.2 | E37: 98.6 | F37: =D37^10/(D37^10+E37^10) -> 0.82577645 | G37: =(0.80424686-0.80424686*F37)/(0.80424686+F37-2*0.80424686*F37) -> 0.46432747 | H37: Yes | I37: 2.6664784
A38: 40 | B38: Davidson | C38: =+14.85 -> 14.85 | D38: 116.8 | E38: 101.9 | F38: =D38^10/(D38^10+E38^10) -> 0.79652434 | G38: =(0.80424686-0.80424686*F38)/(0.80424686+F38-2*0.80424686*F38) -> 0.51208279 | H38: Yes | I38: 2.3734856
A39: 23 | B39: San Francisco | C39: =+17.38 -> 17.38 | D39: 110.5 | E39: 93.1 | F39: =D39^10/(D39^10+E39^10) -> 0.84727849 | G39: =(0.80424686-0.80424686*F39)/(0.80424686+F39-2*0.80424686*F39) -> 0.42546912 | H39: Yes | I39: 2.3693149
A40: 41 | B40: Miami (FL) | C40: =+14.8 -> 14.8 | D40: 113.9 | E40: 99.1 | F40: =D40^10/(D40^10+E40^10) -> 0.80089767 | G40: =(0.80424686-0.80424686*F40)/(0.80424686+F40-2*0.80424686*F40) -> 0.5052842 | H40: Yes | I40: 2.1476394
A41: 52 | B41: Seton Hall | C41: =+13.61 -> 13.61 | D41: 107.1 | E41: 93.5 | F41: =D41^10/(D41^10+E41^10) -> 0.79543696 | G41: =(0.80424686-0.80424686*F41)/(0.80424686+F41-2*0.80424686*F41) -> 0.51375565 | H41: Yes | I41: 2.1395125
A42: 50 | B42: Creighton | C42: =+13.78 -> 13.78 | D42: 105.9 | E42: 92.2 | F42: =D42^10/(D42^10+E42^10) -> 0.79984905 | G42: =(0.80424686-0.80424686*F42)/(0.80424686+F42-2*0.80424686*F42) -> 0.50692472 | H42: Yes | I42: 2.1185176
A43: 29 | B43: Loyola (IL) | C43: =+16.52 -> 16.52 | D43: 108.6 | E43: 92.1 | F43: =D43^10/(D43^10+E43^10) -> 0.83861578 | G43: =(0.80424686-0.80424686*F43)/(0.80424686+F43-2*0.80424686*F43) -> 0.4415404 | H43: Yes | I43: 1.8804795
A44: 81 | B44: South Dakota State | C44: =+10.58 -> 10.58 | D44: 115.4 | E44: 104.8 | F44: =D44^10/(D44^10+E44^10) -> 0.72382318 | G44: =(0.80424686-0.80424686*F44)/(0.80424686+F44-2*0.80424686*F44) -> 0.6105313 | H44: Yes | I44: 1.8442517
A45: 44 | B45: Washington State | C45: =+14.46 -> 14.46 | D45: 107.7 | E45: 93.3 | F45: =D45^10/(D45^10+E45^10) -> 0.80772496 | G45: =(0.80424686-0.80424686*F45)/(0.80424686+F45-2*0.80424686*F45) -> 0.49443951
A46: 45 | B46: Dayton | C46: =+14.46 -> 14.46 | D46: 109.1 | E46: 94.6 | F46: =D46^10/(D46^10+E46^10) -> 0.80628889 | G46: =(0.80424686-0.80424686*F46)/(0.80424686+F46-2*0.80424686*F46) -> 0.49674448
A47: 31 | B47: Ohio State | C47: =+16.24 -> 16.24 | D47: 115.5 | E47: 99.3 | F47: =D47^10/(D47^10+E47^10) -> 0.81924632 | G47: =(0.80424686-0.80424686*F47)/(0.80424686+F47-2*0.80424686*F47) -> 0.47547028 | H47: Yes | I47: 1.3805472
A48: 24 | B48: Memphis | C48: =+17.23 -> 17.23 | D48: 111.2 | E48: 94 | F48: =D48^10/(D48^10+E48^10) -> 0.84295166 | G48: =(0.80424686-0.80424686*F48)/(0.80424686+F48-2*0.80424686*F48) -> 0.43356905 | H48: Yes | I48: 1.3435581
A49: 38 | B49: Notre Dame | C49: =+15.25 -> 15.25 | D49: 112.4 | E49: 97.2 | F49: =D49^10/(D49^10+E49^10) -> 0.8104493 | G49: =(0.80424686-0.80424686*F49)/(0.80424686+F49-2*0.80424686*F49) -> 0.49003123 | H49: Yes | I49: 1.3220237
A50: 49 | B50: Mississippi State | C50: =+13.86 -> 13.86 | D50: 109.7 | E50: 95.8 | F50: =D50^10/(D50^10+E50^10) -> 0.79492416 | G50: =(0.80424686-0.80424686*F50)/(0.80424686+F50-2*0.80424686*F50) -> 0.51454216
A51: 19 | B51: Virginia Tech | C51: =+18.86 -> 18.86 | D51: 115 | E51: 96.1 | F51: =D51^10/(D51^10+E51^10) -> 0.85759149 | G51: =(0.80424686-0.80424686*F51)/(0.80424686+F51-2*0.80424686*F51) -> 0.40555391 | H51: Yes | I51: 0.9709708
A52: 56 | B52: Marquette | C52: =+13.06 -> 13.06 | D52: 109.2 | E52: 96.2 | F52: =D52^10/(D52^10+E52^10) -> 0.78031741 | G52: =(0.80424686-0.80424686*F52)/(0.80424686+F52-2*0.80424686*F52) -> 0.53631962 | H52: Yes | I52: 0.85209293
A53: 51 | B53: UAB | C53: =+13.67 -> 13.67 | D53: 112.4 | E53: 98.8 | F53: =D53^10/(D53^10+E53^10) -> 0.7840902 | G53: =(0.80424686-0.80424686*F53)/(0.80424686+F53-2*0.80424686*F53) -> 0.53080806 | H53: Yes | I53: 0.45180098
A54: 53 | B54: Xavier | C54: =+13.36 -> 13.36 | D54: 111.2 | E54: 97.8 | F54: =D54^10/(D54^10+E54^10) -> 0.78313975 | G54: =(0.80424686-0.80424686*F54)/(0.80424686+F54-2*0.80424686*F54) -> 0.53220382
A55: 80 | B55: New Mexico State | C55: =+10.61 -> 10.61 | D55: 107.1 | E55: 96.5 | F55: =D55^10/(D55^10+E55^10) -> 0.73927421 | G55: =(0.80424686-0.80424686*F55)/(0.80424686+F55-2*0.80424686*F55) -> 0.59166488 | H55: Yes | I55: =-0.345116445499999+2*(1-G174)+3*(1-G333) -> 0.17371827
A56: 55 | B56: St. John's (NY) | C56: =+13.07 -> 13.07 | D56: 110.3 | E56: 97.2 | F56: =D56^10/(D56^10+E56^10) -> 0.77977096 | G56: =(0.80424686-0.80424686*F56)/(0.80424686+F56-2*0.80424686*F56) -> 0.53711156
A57: 67 | B57: ChattaNooga | C57: =+11.51 -> 11.51 | D57: 109 | E57: 97.5 | F57: =D57^10/(D57^10+E57^10) -> 0.75305173 | G57: =(0.80424686-0.80424686*F57)/(0.80424686+F57-2*0.80424686*F57) -> 0.57397721 | H57: Yes | I57: 0.10812653
A58: 57 | B58: North Texas | C58: =+12.98 -> 12.98 | D58: 105.8 | E58: 92.8 | F58: =D58^10/(D58^10+E58^10) -> 0.78768693 | G58: =(0.80424686-0.80424686*F58)/(0.80424686+F58-2*0.80424686*F58) -> 0.52548118
A59: 58 | B59: Brigham Young | C59: =+12.94 -> 12.94 | D59: 110.1 | E59: 97.2 | F59: =D59^10/(D59^10+E59^10) -> 0.77663848 | G59: =(0.80424686-0.80424686*F59)/(0.80424686+F59-2*0.80424686*F59) -> 0.54162061
A60: 59 | B60: Florida | C60: =+12.67 -> 12.67 | D60: 110.2 | E60: 97.6 | F60: =D60^10/(D60^10+E60^10) -> 0.77104019 | G60: =(0.80424686-0.80424686*F60)/(0.80424686+F60-2*0.80424686*F60) -> 0.54955128
A61: 60 | B61: Utah State | C61: =+12.63 -> 12.63 | D61: 109.8 | E61: 97.1 | F61: =D61^10/(D61^10+E61^10) -> 0.77367704 | G61: =(0.80424686-0.80424686*F61)/(0.80424686+F61-2*0.80424686*F61) -> 0.54583604
A62: 61 | B62: Kansas State | C62: =+12.6 -> 12.6 | D62: 109.6 | E62: 97 | F62: =D62^10/(D62^10+E62^10) -> 0.77228591 | G62: =(0.80424686-0.80424686*F62)/(0.80424686+F62-2*0.80424686*F62) -> 0.54780055
A63: 62 | B63: Southern Methodist | C63: =+12.59 -> 12.59 | D63: 108.9 | E63: 96.3 | F63: =D63^10/(D63^10+E63^10) -> 0.77375155 | G63: =(0.80424686-0.80424686*F63)/(0.80424686+F63-2*0.80424686*F63) -> 0.54573054
A64: 63 | B64: VCU | C64: =+12.31 -> 12.31 | D64: 101.1 | E64: 88.8 | F64: =D64^10/(D64^10+E64^10) -> 0.78536923 | G64: =(0.80424686-0.80424686*F64)/(0.80424686+F64-2*0.80424686*F64) -> 0.52892196
A65: 64 | B65: Vanderbilt | C65: =+12.27 -> 12.27 | D65: 107.2 | E65: 94.9 | F65: =D65^10/(D65^10+E65^10) -> 0.77183917 | G65: =(0.80424686-0.80424686*F65)/(0.80424686+F65-2*0.80424686*F65) -> 0.54842931
A66: 65 | B66: Wyoming | C66: =+11.94 -> 11.94 | D66: 109.1 | E66: 97.2 | F66: =D66^10/(D66^10+E66^10) -> 0.7604124 | G66: =(0.80424686-0.80424686*F66)/(0.80424686+F66-2*0.80424686*F66) -> 0.56417165
A67: 66 | B67: West Virginia | C67: =+11.76 -> 11.76 | D67: 108.3 | E67: 96.6 | F67: =D67^10/(D67^10+E67^10) -> 0.75827843 | G67: =(0.80424686-0.80424686*F67)/(0.80424686+F67-2*0.80424686*F67) -> 0.5670408
A68: 48 | B68: Indiana | C68: =+14.04 -> 14.04 | D68: 107 | E68: 92.9 | F68: =D68^10/(D68^10+E68^10) -> 0.80424686 | G68: =(0.80424686-0.80424686*F68)/(0.80424686+F68-2*0.80424686*F68) -> 0.5 | H68: Yes | I68: 0.050686831
A69: 68 | B69: Saint Louis | C69: =+11.45 -> 11.45 | D69: 109.3 | E69: 97.8 | F69: =D69^10/(D69^10+E69^10) -> 0.75244929 | G69: =(0.80424686-0.80424686*F69)/(0.80424686+F69-2*0.80424686*F69) -> 0.57476852
A70: 69 | B70: Syracuse | C70: =+11.45 -> 11.45 | D70: 115.4 | E70: 104 | F70: =D70^10/(D70^10+E70^10) -> 0.73887597 | G70: =(0.80424686-0.80424686*F70)/(0.80424686+F70-2*0.80424686*F70) -> 0.59216372
A71: 70 | B71: Missouri State | C71: =+11.4 -> 11.4 | D71: 113.2 | E71: 101.7 | F71: =D71^10/(D71^10+E71^10) -> 0.7448419 | G71: =(0.80424686-0.80424686*F71)/(0.80424686+F71-2*0.80424686*F71) -> 0.58461878
A72: 71 | B72: Clemson | C72: =+11.36 -> 11.36 | D72: 110.1 | E72: 98.8 | F72: =D72^10/(D72^10+E72^10) -> 0.74704511 | G72: =(0.80424686-0.80424686*F72)/(0.80424686+F72-2*0.80424686*F72) -> 0.58179283
A73: 72 | B73: Virginia | C73: =+11.23 -> 11.23 | D73: 107.6 | E73: 96.4 | F73: =D73^10/(D73^10+E73^10) -> 0.75009977 | G73: =(0.80424686-0.80424686*F73)/(0.80424686+F73-2*0.80424686*F73) -> 0.57783873
A74: 73 | B74: FresNo State | C74: =+11.14 -> 11.14 | D74: 105.5 | E74: 94.4 | F74: =D74^10/(D74^10+E74^10) -> 0.75244568 | G74: =(0.80424686-0.80424686*F74)/(0.80424686+F74-2*0.80424686*F74) -> 0.57477326
A75: 74 | B75: Furman | C75: =+11.02 -> 11.02 | D75: 113.9 | E75: 102.9 | F75: =D75^10/(D75^10+E75^10) -> 0.73412095 | G75: =(0.80424686-0.80424686*F75)/(0.80424686+F75-2*0.80424686*F75) -> 0.59806754
A76: 75 | B76: Towson | C76: =+10.91 -> 10.91 | D76: 109.6 | E76: 98.7 | F76: =D76^10/(D76^10+E76^10) -> 0.74029921 | G76: =(0.80424686-0.80424686*F76)/(0.80424686+F76-2*0.80424686*F76) -> 0.59037785
A77: 76 | B77: Santa Clara | C77: =+10.83 -> 10.83 | D77: 111.8 | E77: 101 | F77: =D77^10/(D77^10+E77^10) -> 0.73417524 | G77: =(0.80424686-0.80424686*F77)/(0.80424686+F77-2*0.80424686*F77) -> 0.59800067
A78: 77 | B78: Rutgers | C78: =+10.82 -> 10.82 | D78: 106.9 | E78: 96.1 | F78: =D78^10/(D78^10+E78^10) -> 0.74365347 | G78: =(0.80424686-0.80424686*F78)/(0.80424686+F78-2*0.80424686*F78) -> 0.58613417
A79: 78 | B79: St. Bonaventure | C79: =+10.71 -> 10.71 | D79: 109.2 | E79: 98.5 | F79: =D79^10/(D79^10+E79^10) -> 0.73715722 | G79: =(0.80424686-0.80424686*F79)/(0.80424686+F79-2*0.80424686*F79) -> 0.59430879
A80: 79 | B80: Colorado | C80: =+10.64 -> 10.64 | D80: 106.5 | E80: 95.9 | F80: =D80^10/(D80^10+E80^10) -> 0.74046562 | G80: =(0.80424686-0.80424686*F80)/(0.80424686+F80-2*0.80424686*F80) -> 0.59016847
A81: 27 | B81: Michigan | C81: =+16.61 -> 16.61 | D81: 113.9 | E81: 97.2 | F81: =D81^10/(D81^10+E81^10) -> 0.82998227 | G81: =(0.80424686-0.80424686*F81)/(0.80424686+F81-2*0.80424686*F81) -> 0.4569941 | H81: Yes | I81: -0.022130768
A82: 54 | B82: Vermont | C82: =+13.2 -> 13.2 | D82: 111.1 | E82: 97.9 | F82: =D82^10/(D82^10+E82^10) -> 0.77985841 | G82: =(0.80424686-0.80424686*F82)/(0.80424686+F82-2*0.80424686*F82) -> 0.53698493 | H82: Yes | I82: -0.52850579
A83: 82 | B83: Oregon | C83: =+10.33 -> 10.33 | D83: 110 | E83: 99.6 | F83: =D83^10/(D83^10+E83^10) -> 0.72971597 | G83: =(0.80424686-0.80424686*F83)/(0.80424686+F83-2*0.80424686*F83) -> 0.60345211
A84: 83 | B84: Maryland | C84: =+10.06 -> 10.06 | D84: 109.4 | E84: 99.3 | F84: =D84^10/(D84^10+E84^10) -> 0.72485097 | G84: =(0.80424686-0.80424686*F84)/(0.80424686+F84-2*0.80424686*F84) -> 0.60930665
A85: 84 | B85: Drake | C85: =+9.48 -> 9.48 | D85: 108.8 | E85: 99.3 | F85: =D85^10/(D85^10+E85^10) -> 0.71374804 | G85: =(0.80424686-0.80424686*F85)/(0.80424686+F85-2*0.80424686*F85) -> 0.62231697
A86: 85 | B86: Richmond | C86: =+9.45 -> 9.45 | D86: 108.1 | E86: 98.7 | F86: =D86^10/(D86^10+E86^10) -> 0.71294241 | G86: =(0.80424686-0.80424686*F86)/(0.80424686+F86-2*0.80424686*F86) -> 0.62324254 | H86: Yes | I86: -1.0977027
A87: 86 | B87: Belmont | C87: =+9.43 -> 9.43 | D87: 108.5 | E87: 99 | F87: =D87^10/(D87^10+E87^10) -> 0.71428826 | G87: =(0.80424686-0.80424686*F87)/(0.80424686+F87-2*0.80424686*F87) -> 0.62169495
A88: 87 | B88: Northwestern | C88: =+9.38 -> 9.38 | D88: 106.6 | E88: 97.2 | F88: =D88^10/(D88^10+E88^10) -> 0.71567903 | G88: =(0.80424686-0.80424686*F88)/(0.80424686+F88-2*0.80424686*F88) -> 0.6200885
A89: 88 | B89: Penn State | C89: =+9.31 -> 9.31 | D89: 105.3 | E89: 96 | F89: =D89^10/(D89^10+E89^10) -> 0.71598909 | G89: =(0.80424686-0.80424686*F89)/(0.80424686+F89-2*0.80424686*F89) -> 0.61972935
A90: 89 | B90: Iona | C90: =+8.95 -> 8.95 | D90: 108 | E90: 99 | F90: =D90^10/(D90^10+E90^10) -> 0.70476937 | G90: =(0.80424686-0.80424686*F90)/(0.80424686+F90-2*0.80424686*F90) -> 0.63249563
A91: 90 | B91: Nevada-Las Vegas | C91: =+8.79 -> 8.79 | D91: 107.5 | E91: 98.7 | F91: =D91^10/(D91^10+E91^10) -> 0.70141792 | G91: =(0.80424686-0.80424686*F91)/(0.80424686+F91-2*0.80424686*F91) -> 0.63621948
A92: 91 | B92: Northern Iowa | C92: =+8.45 -> 8.45 | D92: 110.6 | E92: 102.2 | F92: =D92^10/(D92^10+E92^10) -> 0.68780645 | G92: =(0.80424686-0.80424686*F92)/(0.80424686+F92-2*0.80424686*F92) -> 0.65093867
A93: 92 | B93: Middle Tennessee | C93: =+8.22 -> 8.22 | D93: 106.6 | E93: 98.4 | F93: =D93^10/(D93^10+E93^10) -> 0.69006583 | G93: =(0.80424686-0.80424686*F93)/(0.80424686+F93-2*0.80424686*F93) -> 0.64853932
A94: 93 | B94: Grand Canyon | C94: =+8.11 -> 8.11 | D94: 104.7 | E94: 96.5 | F94: =D94^10/(D94^10+E94^10) -> 0.69329327 | G94: =(0.80424686-0.80424686*F94)/(0.80424686+F94-2*0.80424686*F94) -> 0.64508203
A95: 94 | B95: Wichita State | C95: =+8.11 -> 8.11 | D95: 104 | E95: 95.9 | F95: =D95^10/(D95^10+E95^10) -> 0.69229043 | G95: =(0.80424686-0.80424686*F95)/(0.80424686+F95-2*0.80424686*F95) -> 0.64616009
A96: 95 | B96: Toledo | C96: =+8.04 -> 8.04 | D96: 110.2 | E96: 102.1 | F96: =D96^10/(D96^10+E96^10) -> 0.6821005 | G96: =(0.80424686-0.80424686*F96)/(0.80424686+F96-2*0.80424686*F96) -> 0.65692261
A97: 96 | B97: Bradley | C97: =+7.99 -> 7.99 | D97: 104.8 | E97: 96.8 | F97: =D97^10/(D97^10+E97^10) -> 0.68870409 | G97: =(0.80424686-0.80424686*F97)/(0.80424686+F97-2*0.80424686*F97) -> 0.64998747
A98: 97 | B98: Arizona State | C98: =+7.94 -> 7.94 | D98: 101.2 | E98: 93.2 | F98: =D98^10/(D98^10+E98^10) -> 0.69498098 | G98: =(0.80424686-0.80424686*F98)/(0.80424686+F98-2*0.80424686*F98) -> 0.64325995
A99: 98 | B99: Tulane | C99: =+7.79 -> 7.79 | D99: 108.8 | E99: 101 | F99: =D99^10/(D99^10+E99^10) -> 0.67784987 | G99: =(0.80424686-0.80424686*F99)/(0.80424686+F99-2*0.80424686*F99) -> 0.6613114
A100: 99 | B100: South Carolina | C100: =+7.53 -> 7.53 | D100: 101.5 | E100: 93.9 | F100: =D100^10/(D100^10+E100^10) -> 0.68531019 | G100: =(0.80424686-0.80424686*F100)/(0.80424686+F100-2*0.80424686*F100) -> 0.65356975
...
